,網址,產品照片,產品標題,編號,類別,操作,機型,料件,電壓,電流,評分,評論數量,價錢
,https://www.amazon.co.jp/dp/B004JZQPBA,https://m.media-amazon.com/images/I/91YdXBQqJiL._AC_CR0%2C0%2C0%2C0_SX352_SY330_.jpg,Makita 牧田 充电式Maranoco 10.8V插入式电池用 刀刃直径85毫米/25.5毫米 附带1.3Ah电池充电器 HS300DW,HS300DW,切割類,手持式,Circular Saw,木頭,10.8V,1.3Ah,4.2,2374,16893
,https://www.amazon.co.jp/dp/B017AQXLUC,https://m.media-amazon.com/images/I/81ZLEkJvsvL._AC_CR0%2C0%2C0%2C0_SX352_SY330_.jpg,Makita 牧田 充电式Marnoco10.8V蓝色 刀刃直径85mm/切入25.5mm 1.5Ah电池・充电器・HS301DSH,HS301DSH,切割類,手持式,Circular Saw,木頭,10.8V,1.5Ah,4.2,2374,16247
,https://www.amazon.co.jp/dp/B075FXGNDQ,https://m.media-amazon.com/images/I/81TvdFlr2YL._AC_CR0%2C0%2C0%2C0_SX352_SY330_.jpg,Makita 牧田 充电式圆锯18V蓝色 刀刃直径165mm/切入66mm 6Ah电池・充电器・收纳盒 HS631DGXS,HS631DGXS,切割類,手持式,Circular Saw,木頭,18V,6Ah,4.4,1073,70980
,https://www.amazon.co.jp/dp/B073PTM5HS,https://m.media-amazon.com/images/I/41Ntp0QjjnL._AC_CR0%2C0%2C0%2C0_SX352_SY330_.jpg,Makita 充电式多功能切割机 10.8V1.5Ah 附带电池、充电器、软壳 CP100DSH,CP100DSH,切割類,手持式,Art work cutter,紙板、地毯,10.8V,1.5Ah,4,703,19148
,https://www.amazon.co.jp/dp/B017AQXYPO,https://m.media-amazon.com/images/I/61Dv-MbdLhL._AC_CR0%2C0%2C0%2C0_SX352_SY330_.jpg,Makita 牧田 往复锯 充电式10.8V JR104DSH 1.5Ah电池・充电器・附带收纳盒,JR104DSH,切割類,手持式,Reciprocating saw,通用,10.8V,1.5Ah,4.1,645,17634
,https://www.amazon.co.jp/dp/B01E8D9J24,https://m.media-amazon.com/images/I/81VQYagJXuL._AC_CR0%2C0%2C0%2C0_SX352_SY330_.jpg,Makita 充电式拼图 JV101DSH,JV101DSH,切割類,手持式,Jigsaw,木頭,-,-,4.6,638,20600
,https://www.amazon.co.jp/dp/B077QGX6X5,https://m.media-amazon.com/images/I/61hlhOuu4SL._AC_CR0%2C0%2C0%2C0_SX352_SY330_.jpg,Makita 充电式修剪器 14.4V 6Ah 附带电池・充电器・收纳盒 RT40DRG,RT40DRG,切割類,手持式,Router,木頭,14.4V,6Ah,4.6,538,51486
,https://www.amazon.co.jp/dp/B00IQ2N3R6,https://m.media-amazon.com/images/I/619tyQuW2gL._AC_CR0%2C0%2C0%2C0_SX352_SY330_.jpg,Makita 牧田 往复锯 充电式14.4V JR144DRF 3Ah电池、充电器、收纳盒,JR144DRF,切割類,手持式,Reciprocating saw,通用,14.4V,3Ah,3.9,324,42700
,https://www.amazon.co.jp/dp/B007RLMWVK,https://m.media-amazon.com/images/I/711QUG8WHVL._AC_CR0%2C0%2C0%2C0_SX352_SY330_.jpg,Makita 牧田 往复锯 充电式10.8V插入式电池适用 JR101DW 1.3Ah电池、充电器、收纳盒,JR101DW,切割類,手持式,Reciprocating saw,通用,10.8V,1.3Ah,3.9,199,18779
,https://www.amazon.co.jp/dp/B07XZGSM6B,https://m.media-amazon.com/images/I/81zIvnGiJzL._AC_CR0%2C0%2C0%2C0_SX352_SY330_.jpg,Makita 充电式锯片切割机 CS553DRGXS,CS553DRGXS,切割類,手持式,Circular Saw,木頭,-,-,4.5,195,78283
,https://www.amazon.co.jp/dp/B082LXXRNJ,https://m.media-amazon.com/images/I/81JPfJ-9MQL._AC_CR0%2C0%2C0%2C0_SX352_SY330_.jpg,Makita 牧田 充电式Marnoo40Vmax蓝色 刀刃直径165mm/切入66mm 2.5Ah电池・充电器・收纳盒 HS001GRDX,HS001GRDX,切割類,手持式,Circular Saw,木頭,40V,2.5Ah,4.5,171,69898
,https://www.amazon.co.jp/dp/B08375K5RH,https://m.media-amazon.com/images/I/81JPfJ-9MQL._AC_CR0%2C0%2C0%2C0_SX352_SY330_.jpg,Makita 牧田 充电式Marnoo40Vmax蓝色 刀刃直径165mm/可切割66mm无线联动集尘对应 2.5Ah电池・充电器、收纳盒 HS002GRDX,HS002GRDX,切割類,手持式,Circular Saw,木頭,40V,2.5Ah,4.5,171,70700
,https://www.amazon.co.jp/dp/B07YB4VLL1,https://m.media-amazon.com/images/I/8133IDHUpjL._AC_CR0%2C0%2C0%2C0_SX352_SY330_.jpg,Makita 牧田 充电式滑动圆锯18V 刀刃直径165mm/直角切割宽度182mm 附带电池・充电器 LS610DRG,LS610DRG,切割類,機台,Miter Saw,木頭,18V,-,4.6,145,109512
,https://www.amazon.co.jp/dp/B07YB74GS1,https://m.media-amazon.com/images/I/81v+AYUaotL._AC_CR0%2C0%2C0%2C0_SX352_SY330_.jpg,Makita 牧田 充电式滑动圆锯18V 刀刃直径165mm/直角切割宽度182mm 电池充电器另售 LS610DZ,LS610DZ,切割類,機台,Miter Saw,木頭,18V,-,4.6,145,73804
,https://www.amazon.co.jp/dp/B07TLY2B56,https://m.media-amazon.com/images/I/81g7ZF6WX-L._AC_CR0%2C0%2C0%2C0_SX352_SY330_.jpg,Makita 充电式Marnoko14.4V蓝色 刀刃直径125mm/可切割47mm无线联动集尘对应 6Ah电池・充电器・收纳盒 HS473DRG,HS473DRG,切割類,手持式,Circular Saw,木頭,14.4V,6Ah,4.4,97,64713
,https://www.amazon.co.jp/dp/B00B4PA5KU,https://m.media-amazon.com/images/I/91zYdT4G7zL._AC_CR0%2C0%2C0%2C0_SX352_SY330_.jpg,Makita 充电式拼图 搭载主体附属电池1个型号 10.8V JV100DW,JV100DW,切割類,手持式,Jigsaw,木頭,10.8V,-,4,81,23800
,https://www.amazon.co.jp/dp/B07TP4FLP3,https://m.media-amazon.com/images/I/818Tyv856eL._AC_CR0%2C0%2C0%2C0_SX352_SY330_.jpg,Makita 牧田 充电式圆锯14.4V蓝色 刀刃直径125mm/含切47mm 6Ah电池・充电器・收纳盒 HS472DRG,HS472DRG,切割類,手持式,Circular Saw,木頭,14.4V,6Ah,4.4,70,66900
,https://www.amazon.co.jp/dp/B08375JT65,https://m.media-amazon.com/images/I/71RJEU5fcYL._AC_CR0%2C0%2C0%2C0_SX352_SY330_.jpg,Makita 牧田 往复锯 充电式36V(40Vmax) JR001GRDX 2.5Ah电池・充电器・收纳盒,JR001GRDX,切割類,手持式,Reciprocating saw,通用,36V,2.5Ah,4.3,70,67361
,https://www.amazon.co.jp/dp/B01L71XKZ2,https://m.media-amazon.com/images/I/61fWs2QpjaL._AC_CR0%2C0%2C0%2C0_SX352_SY330_.jpg,Makita 充电式便携式带锯 18V 6Ah 附带2节电池、充电器、收纳盒 PB180DRGX,PB180DRGX,切割類,手持式,Circular Saw,通用,18V,6Ah,4.3,67,92820
,https://www.amazon.co.jp/dp/B073FC9YM7,https://m.media-amazon.com/images/I/81tdfrY7rWL._AC_CR0%2C0%2C0%2C0_SX352_SY330_.jpg,Makita 牧田(Makita) 125毫米充电式防尘丸子 14.4V 6Ah 附带电池・充电器・收纳盒 KS510DRG,KS510DRG,切割類,手持式,Circular Saw,木頭,14.4V,6Ah,4.2,61,80152
,https://www.amazon.co.jp/dp/B0784QMWMS,https://m.media-amazon.com/images/I/81pqgKCHSEL._AC_CR0%2C0%2C0%2C0_SX352_SY330_.jpg,Makita 充电式拼图,None,切割類,手持式,Jigsaw,木頭,-,-,4.1,60,32122
,https://www.amazon.co.jp/dp/B087K39T6L,https://m.media-amazon.com/images/I/81xUvUKeGeL._AC_CR0%2C0%2C0%2C0_SX352_SY330_.jpg,Makita 充电式便携式带锯 18V6Ah 附带2节电池、充电器、收纳盒(电池、充电器用)PB184DRGX,PB184DRGX,切割類,手持式,Circular Saw,通用,18V,6Ah,4.1,59,62800
,https://www.amazon.co.jp/dp/B01LRX4N92,https://m.media-amazon.com/images/I/81HNLB4PfXL._AC_CR0%2C0%2C0%2C0_SX352_SY330_.jpg,Makita 充电式板切割机 带电池×2、充电器 SD100DSMX,SD100DSMX,切割類,手持式,Drywall cutter,木頭,-,-,4.1,39,35361
,https://www.amazon.co.jp/dp/B01DJOE68A,https://m.media-amazon.com/images/I/718id3Khd9L._AC_CR0%2C0%2C0%2C0_SX352_SY330_.jpg,Makita 牧田 充电式滑动圆锯18+18V 刀刃直径190mm/直角切割宽度312mm 电池充电器另售 LS714DZ,LS714DZ,切割類,機台,Miter Saw,木頭,18V,-,4.4,37,70243
,https://www.amazon.co.jp/dp/B00B4PACA8,https://m.media-amazon.com/images/I/718yBnYJ43L._AC_CR0%2C0%2C0%2C0_SX352_SY330_.jpg,Makita 充电式防尘马诺 铝制底座 14.4V 3.0Ah 125mm KS521DRF,KS521DRF,切割類,手持式,Circular Saw,木頭,14.4V,3.0Ah,4,36,46829
,https://www.amazon.co.jp/dp/B07BC6YBZF,https://m.media-amazon.com/images/I/61g1xl8J--L._AC_CR0%2C0%2C0%2C0_SX352_SY330_.jpg,Makita 充电式修剪器 18V6Ah 附带电池、充电器和收纳盒 RT50DRG,RT50DRG,切割類,手持式,Router,木頭,18V,6Ah,4.3,34,52860
,https://www.amazon.co.jp/dp/B087C8QYKP,https://m.media-amazon.com/images/I/51SK16JvvFL._AC_CR0%2C0%2C0%2C0_SX352_SY330_.jpg,Makita 充电式便携式带锯 18V6Ah 附带2节电池、充电器、收纳盒(电池、充电器用)PB183DRGX,PB183DRGX,切割類,手持式,Circular Saw,通用,18V,6Ah,4.1,32,78943
,https://www.amazon.co.jp/dp/B0BQ1VBV3W,https://m.media-amazon.com/images/I/61fZ6U-NRqL._AC_CR0%2C0%2C0%2C0_SX352_SY330_.jpg,Makita 充电式往复锯 18V6Ah 附带2节电池、充电器、收纳盒 JR189DRGX,JR189DRGX,切割類,手持式,Reciprocating saw,通用,18V,6Ah,4.4,30,66209
,https://www.amazon.co.jp/dp/B07542R367,https://m.media-amazon.com/images/I/61fjpXrh6cL._AC_CR0%2C0%2C0%2C0_SX352_SY330_.jpg,Makita 牧田 往复锯 充电式18V+18V JR360DPG2 6Ah电池2个・充电器、收纳盒,JR360DPG2,切割類,手持式,Reciprocating saw,通用,18V,6Ah,4.5,30,82798
,https://www.amazon.co.jp/dp/B0819FSYLZ,https://m.media-amazon.com/images/I/81d1-q+9OwL._AC_CR0%2C0%2C0%2C0_SX352_SY330_.jpg,Makita 充电式滑动圆锯 LS001GZ,LS001GZ,切割類,機台,Miter Saw,木頭,-,-,4,30,86589
,https://www.amazon.co.jp/dp/B002DFBSKG,https://m.media-amazon.com/images/I/819EXbWkmNL._AC_CR0%2C0%2C0%2C0_SX352_SY330_.jpg,Makita 充电式锯片切割器 125毫米 14.4V 3.0Ah 主体附属电池搭载1个型号 CS540DRF,CS540DRF,切割類,手持式,Circular Saw,木頭,14.4V,3.0Ah,4.2,28,46000
,https://www.amazon.co.jp/dp/B007RVK7BM,https://m.media-amazon.com/images/I/514Fol2sgqL._AC_CR0%2C0%2C0%2C0_SX352_SY330_.jpg,Makita JR101DWG 充电式往复锯,JR101DWG,切割類,手持式,Reciprocating saw,通用,-,-,3.9,27,19933
,https://www.amazon.co.jp/dp/B07HY6LVFG,https://m.media-amazon.com/images/I/31oz4jHWSOL._AC_CR0%2C0%2C0%2C0_SX352_SY330_.jpg,Makita 355mm充电式切割机(仅主体) LW141DZ,LW141DZ,切割類,機台,Chop Saw,金屬,-,-,4.2,26,34455
,https://www.amazon.co.jp/dp/B00OZD5LH0,https://m.media-amazon.com/images/I/81bgOffFx7L._AC_CR0%2C0%2C0%2C0_SX352_SY330_.jpg,Makita JV142DRF 充电式拼图,None,切割類,手持式,Jigsaw,木頭,-,-,4.1,24,90060
,https://www.amazon.co.jp/dp/B09WYR2QBR,https://m.media-amazon.com/images/I/614cxxG-gkL._AC_CR0%2C0%2C0%2C0_SX352_SY330_.jpg,Makita 充电式往复锯 40Vmax2.5Ah 附带2节电池、充电器、收纳盒 JR002GRDX 蓝色,JR002GRDX,切割類,手持式,Reciprocating saw,通用,40V,2.5Ah,4.2,24,74651
,https://www.amazon.co.jp/dp/B01I4RHJXG,https://m.media-amazon.com/images/I/61Y+3foZ26L._AC_CR0%2C0%2C0%2C0_SX352_SY330_.jpg,Makita 牧田 往复锯 充电式14.4V JR147DRG 6Ah电池・充电器・附带收纳盒,JR147DRG,切割類,手持式,Reciprocating saw,通用,14.4V,6Ah,3.3,24,89936
,https://www.amazon.co.jp/dp/B01HCHJHX4,https://m.media-amazon.com/images/I/71an+IcrI-L._AC_CR0%2C0%2C0%2C0_SX352_SY330_.jpg,Makita 牧田 充电式桌面圆锯18V 刀刃直径165mm/直角切割宽度92mm 附带电池・充电器 LS600DRG,LS600DRG,切割類,機台,Miter Saw,木頭,18V,-,4.4,23,78434
,https://www.amazon.co.jp/dp/B07Z4H7PWP,https://m.media-amazon.com/images/I/81Eon+eVtoL._AC_CR0%2C0%2C0%2C0_SX352_SY330_.jpg,Makita 牧田 165毫米 充电式Marnoco 18V6Ah 附带2个电池、充电器、收纳盒 HS611DRGX,HS611DRGX,切割類,手持式,Circular Saw,木頭,18V,6Ah,4.4,17,81052
,https://www.amazon.co.jp/dp/B07Z7V64PJ,https://m.media-amazon.com/images/I/71BH2nY9U1L._AC_CR0%2C0%2C0%2C0_SX352_SY330_.jpg,Makita 牧田(Makita) 125毫米充电式防尘丸子 18V6Ah 附带2个电池・充电器、收纳盒 KS511DRGX,KS511DRGX,切割類,手持式,Circular Saw,木頭,18V,6Ah,4.1,17,76578
,https://www.amazon.co.jp/dp/B01N9HF9DU,https://m.media-amazon.com/images/I/71IGAeecYvL._AC_CR0%2C0%2C0%2C0_SX352_SY330_.jpg,Makita 充电式板切割机(带电池、充电器、收纳盒)SD180DRGX,SD180DRGX,切割類,手持式,Drywall cutter,木頭、石膏板,-,-,3.7,17,68636
,https://www.amazon.co.jp/dp/B08DRFMMSQ,https://m.media-amazon.com/images/I/71bFGx8wuBL._AC_CR0%2C0%2C0%2C0_SX352_SY330_.jpg,Makita 牧田 125毫米 充电式防尘丸子 18V6Ah 附带2个电池、充电器、收纳盒 KS513DRGX,KS513DRGX,切割類,手持式,Circular Saw,木頭,18V,6Ah,4.7,14,80050
,https://www.amazon.co.jp/dp/B07Z7TPJMM,https://m.media-amazon.com/images/I/81jPQjcwuPL._AC_CR0%2C0%2C0%2C0_SX352_SY330_.jpg,Makita 牧田 充电式圆锯18V 刀刃直径125mm/切入47mm 6Ah电池2个・附带充电器・收纳盒 HS475DRGX,HS475DRGX,切割類,手持式,Circular Saw,木頭,18V,6Ah,3.8,13,76880
,https://www.amazon.co.jp/dp/B00SAYDNS4,https://m.media-amazon.com/images/I/41H-K0f2IsL._AC_CR0%2C0%2C0%2C0_SX352_SY330_.jpg,Makita CC300DW 85毫米充电式切割机,CC300DW,切割類,手持式,Circular Saw,玻璃,-,-,2.8,9,29590
,https://www.amazon.co.jp/dp/B07XZG647P,https://m.media-amazon.com/images/I/81N9mRh+45L._AC_CR0%2C0%2C0%2C0_SX352_SY330_.jpg,Makita 充电式锯片切割机 CS551DRGXS,CS551DRGXS,切割類,手持式,Circular Saw,木頭,-,-,4.7,7,73800
,https://www.amazon.co.jp/dp/B07Z7TV1CC,https://m.media-amazon.com/images/I/81O4jsUpdCL._AC_CR0%2C0%2C0%2C0_SX352_SY330_.jpg,Makita 牧田(Makita) 125毫米充电式Marnoo 18V6Ah 附带2个电池・充电器、收纳盒 HS474DRGX,HS474DRGX,切割類,手持式,Circular Saw,木頭,18V,6Ah,3.8,7,69180
,https://www.amazon.co.jp/dp/B01LEVZAJY,https://m.media-amazon.com/images/I/81dX4al9jUL._AC_CR0%2C0%2C0%2C0_SX352_SY330_.jpg,Makita 牧田(Makita) 125毫米充电式防尘丸子 14.4V 6Ah 附带电池・充电器・收纳盒 KS512DRG,KS512DRG,切割類,手持式,Circular Saw,木頭,14.4V,6Ah,5,7,55363
,https://www.amazon.co.jp/dp/B01JI2N53E,https://m.media-amazon.com/images/I/71kFqhE3YoL._AC_CR0%2C0%2C0%2C0_SX352_SY330_.jpg,Makita 牧田 85mm 充电式切割机 10.8V 附带电池・充电器 CC301DSH,CC301DSH,切割類,手持式,Circular Saw,玻璃,10.8V,-,2.8,6,25303
,https://www.amazon.co.jp/dp/B08HQ96C3Q,https://m.media-amazon.com/images/I/91LaEMUBkNL._AC_CR0%2C0%2C0%2C0_SX352_SY330_.jpg,Makita (Makita) 40Vmax 125毫米充电式Marnoo(蓝色)2.5Ah 附带2节电池・充电器、收纳盒 HS005GRDX,HS005GRDX,切割類,手持式,Circular Saw,木頭,40V,2.5Ah,4.3,6,80390
,https://www.amazon.co.jp/dp/B09FJLVND1,https://m.media-amazon.com/images/I/81XB97t1t9L._AC_CR0%2C0%2C0%2C0_SX352_SY330_.jpg,Makita 牧田(Makita) 165mm充电式花盆 40Vmax 仅主体/电池/充电器另售 SP001GZ,SP001GZ,切割類,手持式,Circular Saw,木頭,40V,-,3.4,6,44948
,https://www.amazon.co.jp/dp/B09HTGNWPC,https://m.media-amazon.com/images/I/81+R2OYZPQL._AC_CR0%2C0%2C0%2C0_SX352_SY330_.jpg,Makita 牧田 125 毫米充电式防尘丸子 40 Vmax2.5 Ah 附带电池瓶、充电器、收纳盒 KS001GRDX,KS001GRDX,切割類,手持式,Circular Saw,木頭,-,-,4.2,5,81245
,https://www.amazon.co.jp/dp/B09HTHQJGN,https://m.media-amazon.com/images/I/81ugx1ogCfL._AC_CR0%2C0%2C0%2C0_SX352_SY330_.jpg,Makita 牧田 125 毫米充电式防尘丸子 40 Vmax2.5 Ah 附带电池瓶、充电器、收纳盒 KS002GRDX,KS002GRDX,切割類,手持式,Circular Saw,木頭,-,-,4.2,5,80606
,https://www.amazon.co.jp/dp/B00B4PAESI,https://m.media-amazon.com/images/I/618ziZPMe1L._AC_CR0%2C0%2C0%2C0_SX352_SY330_.jpg,Makita 充电式锯片切割机 14.4V 125mm 主体附带电池1个 LC540DRF,LC540DRF,切割類,機台,Metal Cutter,金屬,14.4V,-,4.3,5,59200
,https://www.amazon.co.jp/dp/B08HQCZTYC,https://m.media-amazon.com/images/I/91NmTXgk-jL._AC_CR0%2C0%2C0%2C0_SX352_SY330_.jpg,Makita (Makita) 40Vmax 125毫米充电式Marnoo(蓝色)2.5Ah 附带2节电池・充电器、收纳盒 HS006GRDX,HS006GRDX,切割類,手持式,Circular Saw,木頭,40V,2.5Ah,4.5,4,86286
,https://www.amazon.co.jp/dp/B08HQFSCX4,https://m.media-amazon.com/images/I/91za3cUALjL._AC_CR0%2C0%2C0%2C0_SX352_SY330_.jpg,Makita (Makita) 40Vmax 125毫米充电式Marnoo(蓝色)2.5Ah 附带2节电池・充电器、收纳盒 HS008GRDX,HS008GRDX,切割類,手持式,Circular Saw,木頭,40V,2.5Ah,4,4,70858
,https://www.amazon.co.jp/dp/B09HTG7RT6,https://m.media-amazon.com/images/I/81Ags8YEUfL._AC_CR0%2C0%2C0%2C0_SX352_SY330_.jpg,Makita 牧田 125mm 充电式防尘丸子 18V6Ah 附带2个电池・充电器・收纳盒 KS514DRGX,KS514DRGX,切割類,手持式,Circular Saw,木頭,18V,6Ah,4.7,4,78343
,https://www.amazon.co.jp/dp/B09XDR6Q5B,https://m.media-amazon.com/images/I/81g35GxhcTL._AC_CR0%2C0%2C0%2C0_SX352_SY330_.jpg,Makita 充电式修剪机 18V6.0Ah 附带电池・充电器・收纳盒 RT51DRG 蓝色,RT51DRG,切割類,手持式,Router,木頭,18V,6.0Ah,4.3,4,58045
,https://www.amazon.co.jp/dp/B09ZDGR2FK,https://m.media-amazon.com/images/I/51jB98NSsXL._AC_CR0%2C0%2C0%2C0_SX352_SY330_.jpg,Makita 牧田 355毫米充电式功率切割器 80Vmax 电池、充电器、刀具另售 CE001GZ 蓝色,CE001GZ,切割類,手持式,Power cutter,金屬,80V,-,4,3,156800
,https://www.amazon.co.jp/dp/B08G888F4W,https://m.media-amazon.com/images/I/31zIWcQs2vL._AC_CR0%2C0%2C0%2C0_SX352_SY330_.jpg,Makita 牧田 230mm充电式动力切割器 CE090DZ (仅主体)[钻石轮专用],CE090DZ,切割類,手持式,Power cutter,金屬,-,-,3.6,3,68417
,https://www.amazon.co.jp/dp/B08HPKBC65,https://m.media-amazon.com/images/I/81YyGlnYjIL._AC_CR0%2C0%2C0%2C0_SX352_SY330_.jpg,Makita 充电式板修边机 18V 6Ah 附带电池・充电器・收纳盒 CO181DRG,CO181DRG,切割類,手持式,Router,木頭,18V,6Ah,5,3,53963
,https://www.amazon.co.jp/dp/B09XDSXN7J,https://m.media-amazon.com/images/I/71oynEC4SaL._AC_CR0%2C0%2C0%2C0_SX352_SY330_.jpg,Makita 充电式修剪机 40Vmax2.5Ah 附带2节电池・充电器、收纳盒 RT001GRDX 蓝色,RT001GRDX,切割類,手持式,Router,木頭,40V,2.5Ah,5,3,65961
,https://www.amazon.co.jp/dp/B09F61283Z,https://m.media-amazon.com/images/I/81vL9da129L._AC_CR0%2C0%2C0%2C0_SX352_SY330_.jpg,Makita 牧田 125 毫米充电式除尘器 18 V6Ah 附带2 节电池、充电器、收纳盒 CC500DRGX,CC500DRGX,切割類,手持式,Circular Saw,木頭,-,6Ah,1,1,73436
,https://www.amazon.co.jp/dp/B08HQDLXXM,https://m.media-amazon.com/images/I/91eIJlOjigL._AC_CR0%2C0%2C0%2C0_SX352_SY330_.jpg,Makita (Makita) 40Vmax 125毫米充电式Marnoo(蓝色)2.5Ah 附带2节电池・充电器、收纳盒 HS007GRDX,HS007GRDX,切割類,手持式,Circular Saw,木頭,40V,2.5Ah,5,1,72720
,https://www.amazon.co.jp/dp/B01N1S532D,https://m.media-amazon.com/images/I/712Nos860AL._AC_CR0%2C0%2C0%2C0_SX352_SY330_.jpg,Makita 充电式板切割机(带电池、充电器、收纳盒)SD140DRGX,SD140DRGX,切割類,手持式,Drywall cutter,木頭、石膏板,-,-,4,1,66800
,https://www.amazon.co.jp/dp/B09XDSQFVN,https://m.media-amazon.com/images/I/81w7oi5m7qL._AC_CR0%2C0%2C0%2C0_SX352_SY330_.jpg,Makita 充电式修剪机 40Vmax2.5Ah 附带2节电池・充电器、收纳盒 RT002GRDX 蓝色,RT002GRDX,切割類,手持式,Router,木頭,40V,2.5Ah,,,70311
,https://www.amazon.co.jp/dp/B01G3BGLZ2,https://m.media-amazon.com/images/I/61iSnYn-tmL._AC_CR0%2C0%2C0%2C0_SX352_SY330_.jpg,Makita 牧田 充电式多功能工具14.4V 6Ah电池・充电器 TM41DRG,TM41DRG,切割類、打磨類,手持式,Multi tool,通用,14.4V,6Ah,4.3,1434,49887
,https://www.amazon.co.jp/dp/B01HCHJWUW,https://m.media-amazon.com/images/I/61aPw5YQseL._AC_CR0%2C0%2C0%2C0_SX352_SY330_.jpg,Makita 牧田 充电式多功能工具18V 6Ah电池/充电器 TM51DRG,TM51DRG,切割類、打磨類,手持式,Multi tool,通用,18V,6Ah,4.3,1434,48480
,https://www.amazon.co.jp/dp/B09NLPX6TN,https://m.media-amazon.com/images/I/719lTzitE+L._AC_CR0%2C0%2C0%2C0_SX352_SY330_.jpg,Makita 充电式多功能工具 18V6Ah 附带电池、充电器、收纳盒 TM52DRG 蓝色,TM52DRG,切割類、打磨類,手持式,Multi tool,通用,18V,6Ah,4.3,66,56611
,https://www.amazon.co.jp/dp/B07NX48Y9D,https://m.media-amazon.com/images/I/712hbsOmwQL._AC_CR0%2C0%2C0%2C0_SX352_SY330_.jpg,Makita 牧田 充电式搅拌机 18V 扇叶直径165mm 6Ah附带电池・充电器・收纳盒 UT130DRG,UT130DRG,水泥類,手持式,Mud Mixer,水泥,18V,6Ah,4.4,220,53412
,https://www.amazon.co.jp/dp/B004XPBVNI,https://m.media-amazon.com/images/I/31ggthagEtL._AC_CR0%2C0%2C0%2C0_SX352_SY330_.jpg,Makita 充电式混凝土振动器14.4V 工作深度730mm VR340DRFX,VR340DRFX,水泥類,手持式,Concrete vibrator,水泥,14.4V,-,4.6,18,50993
,https://www.amazon.co.jp/dp/B07Z7TNPQJ,https://m.media-amazon.com/images/I/31GtqmWA2kL._AC_CR0%2C0%2C0%2C0_SX352_SY330_.jpg,Makita 充电式混凝土振动器 18V6Ah 附带2节电池・充电器 VR350DRGX,VR350DRGX,水泥類,手持式,Concrete vibrator,水泥,18V,6Ah,5,2,67992
,https://www.amazon.co.jp/dp/B00OZD5SWI,https://m.media-amazon.com/images/I/41N2i-nZNGL._AC_CR0%2C0%2C0%2C0_SX352_SY330_.jpg,Makita 牧田 充电式混凝土振动器 14.4V 工作深度1130毫米 VR440DRFX,VR440DRFX,水泥類,手持式,Concrete vibrator,水泥,14.4V,-,3.4,2,64100
,https://www.amazon.co.jp/dp/B07Z7TDCT1,https://m.media-amazon.com/images/I/31Vr1JDrqNL._AC_CR0%2C0%2C0%2C0_SX352_SY330_.jpg,Makita 充电式混凝土振动器 18V6Ah 附带2节电池・充电器 VR450DRGX,VR450DRGX,水泥類,手持式,Concrete vibrator,水泥,18V,6Ah,,,71798
,https://www.amazon.co.jp/dp/B00FKR530A,https://m.media-amazon.com/images/I/71rO1b7lZvL._AC_CR0%2C0%2C0%2C0_SX352_SY330_.jpg,Makita 充电式随机轨道式研磨机 14.4V 纸尺寸 125mm BO140DRF,BO140DRF,打磨類,手持式,Sander,木頭,14.4V,-,4.2,189,50473
,https://www.amazon.co.jp/dp/B07VD7SR8N,https://m.media-amazon.com/images/I/71CbFHb0heL._AC_CR0%2C0%2C0%2C0_SX352_SY330_.jpg,Makita 充电式随机轨道抛光机 PO500DRG,PO500DRG,打磨類,手持式,Polishing tool,金屬,-,-,4.5,84,60600
,https://www.amazon.co.jp/dp/B09F5T99YR,https://m.media-amazon.com/images/I/71nAMJuXiqL._AC_CR0%2C0%2C0%2C0_SX352_SY330_.jpg,Makita 充电式抛光机 18V6Ah 带电池/充电器 PV300DRG,PV300DRG,打磨類,手持式,Polishing tool,金屬,18V,6Ah,3.8,17,52581
,https://www.amazon.co.jp/dp/B08R79B3X3,https://m.media-amazon.com/images/I/81KXywoiIOL._AC_CR0%2C0%2C0%2C0_SX352_SY330_.jpg,Makita 牧田 9mm充电式带砂轮 18V6Ah 附带电池、充电器、收纳盒 BS180DRG,BS180DRG,打磨類,手持式,Belt sander,通用,18V,6Ah,4,8,58519
,https://www.amazon.co.jp/dp/B085FBZPTL,https://m.media-amazon.com/images/I/71482ACrpBL._AC_CR0%2C0%2C0%2C0_SX352_SY330_.jpg,Makita 牧田 82毫米充电式坎娜 18V 6Ah 附带电池・充电器 KP181DRG,KP181DRG,打磨類,手持式,Planer,木頭,18V,6Ah,4.2,5,60739
,https://www.amazon.co.jp/dp/B09VRTGKLT,https://m.media-amazon.com/images/I/81jricVyG-L._AC_CR0%2C0%2C0%2C0_SX352_SY330_.jpg,Makita 充电式带砂光机 18V6.0Ah 附电池/充电器 BO380DRG 蓝色,BO380DRG,打磨類,手持式,Sander,木頭,18V,6.0Ah,5,1,42156
,https://www.amazon.co.jp/dp/B09X5B8QRK,https://m.media-amazon.com/images/I/51kgm9PkGKL._AC_SX300_SY300_QL70_ML2_.jpg,Makita 82毫米 充电式Kanana 40Vmax2.5Ah 附带2个电池 KP001GRDX,KP001GRDX,打磨類,手持式,Planer,木頭,40V,2.5Ah,,,79667
,https://www.amazon.co.jp/dp/B0829J3K2F,https://m.media-amazon.com/images/I/71XU7jnUO5L._AC_CR0%2C0%2C0%2C0_SX352_SY330_.jpg,Makita 磁盘研磨机40Vmax 100mm 支持无线联动集尘/滑动开关型 2.5Ah电池2个・带充电器盒 GA001GRDX,GA001GRDX,打磨類、切割類,手持式,Grinder,金屬,40V,2.5Ah,4.4,1178,57322
,https://www.amazon.co.jp/dp/B01LKP0AOO,https://m.media-amazon.com/images/I/61q70pG8pLL._AC_CR0%2C0%2C0%2C0_SX352_SY330_.jpg,Makita 圆盘式研磨机14.4V 100mm 滑动开关 6Ah电池・充电器・收纳盒 GA403DRGN,GA403DRGN,打磨類、切割類,手持式,Grinder,金屬,14.4V,6Ah,4.4,1178,51506
,https://www.amazon.co.jp/dp/B01LREX75C,https://m.media-amazon.com/images/I/61CKJ26C5gL._AC_CR0%2C0%2C0%2C0_SX352_SY330_.jpg,牧田 圆盘式研磨机14.4V 100mm 桨开关型 附带6Ah电池・充电器・收纳盒 GA407DRG,GA407DRG,打磨類、切割類,手持式,Grinder,金屬,14.4V,6Ah,4.4,1178,43689
,https://www.amazon.co.jp/dp/B078G7RPML,https://m.media-amazon.com/images/I/51Ep4u07SrL._AC_CR0%2C0%2C0%2C0_SX352_SY330_.jpg,Makita 磁盘研磨机14.4V 100mm 支持无线联动集尘/滑动开关型 附带6Ah电池・充电器・收纳盒 GA410DRG,GA410DRG,打磨類、切割類,手持式,Grinder,金屬,14.4V,6Ah,4.4,1178,51000
,https://www.amazon.co.jp/dp/B078G8G7TC,https://m.media-amazon.com/images/I/61l1GykgzgL._AC_CR0%2C0%2C0%2C0_SX352_SY330_.jpg,Makita 磁盘研磨机14.4V 100mm 支持无线联动集尘/桨开关型 6Ah电池・充电器・收纳盒 GA416DRG,GA416DRG,打磨類、切割類,手持式,Grinder,金屬,14.4V,6Ah,4.4,1178,52507
,https://www.amazon.co.jp/dp/B082M7F6K9,https://m.media-amazon.com/images/I/715lTE7FfnL._AC_CR0%2C0%2C0%2C0_SX352_SY330_.jpg,Makita 磁盘研磨机40Vmax 125mm 支持无线联动集尘/滑动开关型 2.5Ah电池2个・带充电器盒 GA002GRDX,GA002GRDX,打磨類、切割類,手持式,Grinder,金屬,40V,2.5Ah,4.2,336,75000
,https://www.amazon.co.jp/dp/B002E9L2TS,https://m.media-amazon.com/images/I/61dApqyM-cL._AC_CR0%2C0%2C0%2C0_SX352_SY330_.jpg,牧田 GA400DRF 100毫米 充电式 圆盘 研磨机,GA400DRF,打磨類、切割類,手持式,Grinder,金屬,-,-,4,243,39800
,https://www.amazon.co.jp/dp/B0876BDT9B,https://m.media-amazon.com/images/I/61s+gIe9T-L._AC_CR0%2C0%2C0%2C0_SX352_SY330_.jpg,Makita 牧田 125mm 充电式圆盘研磨机 18V6Ah 附带2个电池・充电器、收纳盒 GA520DRGX,GA520DRGX,打磨類、切割類,手持式,Grinder,金屬,18V,6Ah,4.4,63,69400
,https://www.amazon.co.jp/dp/B0876B6L9F,https://m.media-amazon.com/images/I/81a+2vjvG0L._AC_CR0%2C0%2C0%2C0_SX352_SY330_.jpg,Makita 牧田 100mm 充电式圆盘研磨机 18V6Ah 附带2个电池・充电器、收纳盒 GA420DRGX,GA420DRGX,打磨類、切割類,手持式,Grinder,金屬,18V,6Ah,3.8,46,72717
,https://www.amazon.co.jp/dp/B08BC87YMB,https://m.media-amazon.com/images/I/61NlY8gbKIL._AC_CR0%2C0%2C0%2C0_SX352_SY330_.jpg,Makita 牧田 100mm圆盘研磨机 40Vmax 4Ah 附带2个电池・充电器、收纳盒 GA017GRMX,GA017GRMX,打磨類、切割類,手持式,Grinder,金屬,40V,4Ah,4.6,18,78292
,https://www.amazon.co.jp/dp/B08BC7D8XR,https://m.media-amazon.com/images/I/61uDoez7qXL._AC_CR0%2C0%2C0%2C0_SX352_SY330_.jpg,Makita 牧田 100mm圆盘研磨机 40Vmax 4Ah 附带2个电池・充电器、收纳盒 GA019GRMX,GA019GRMX,打磨類、切割類,手持式,Grinder,金屬,40V,4Ah,4.6,18,75980
,https://www.amazon.co.jp/dp/B01JS8BYT0,https://m.media-amazon.com/images/I/61uYreLSMJL._AC_CR0%2C0%2C0%2C0_SX352_SY330_.jpg,Makita 磁盘研磨机18V+18V 180mm 桨开关型 6Ah电池2个・充电・收纳盒 GA700DPG2,GA700DPG2,打磨類、切割類,手持式,Grinder,金屬,18V,6Ah,4.4,12,82000
,https://www.amazon.co.jp/dp/B07J1TFP1R,https://m.media-amazon.com/images/I/61nUF1OYm-L._AC_CR0%2C0%2C0%2C0_SX352_SY330_.jpg,Makita 磁盘磨光机18V+18V 180mm 支持无线联动集尘/桨开关型 6Ah电池2个・充电器、收纳盒 GA701DPG2,GA701DPG2,打磨類、切割類,手持式,Grinder,金屬,18V,6Ah,4.4,12,85293
,https://www.amazon.co.jp/dp/B0876BCGJY,https://m.media-amazon.com/images/I/81-M3h-7bxL._AC_CR0%2C0%2C0%2C0_SX352_SY330_.jpg,Makita (Makita) 40Vmax 100mm充电式圆盘研磨机 2.5Ah 附带2个电池・充电器、收纳盒 GA009GRDX,GA009GRDX,打磨類、切割類,手持式,Grinder,金屬,40V,2.5Ah,3.9,7,65000
,https://www.amazon.co.jp/dp/B0876BNCLK,https://m.media-amazon.com/images/I/81tLsyXH9-L._AC_CR0%2C0%2C0%2C0_SX352_SY330_.jpg,Makita (Makita) 40Vmax 125mm充电式圆盘研磨机 2.5Ah 附带2个电池・充电器、收纳盒 GA010GRDX,GA010GRDX,打磨類、切割類,手持式,Grinder,金屬,40V,2.5Ah,4.3,6,86235
,https://www.amazon.co.jp/dp/B08BCFVRGJ,https://m.media-amazon.com/images/I/61KvEKFhutL._AC_CR0%2C0%2C0%2C0_SX352_SY330_.jpg,Makita 牧田 125mm圆盘研磨机 40Vmax 4Ah 附带2个电池・充电器、收纳盒 GA018GRMX,GA018GRMX,打磨類、切割類,手持式,Grinder,金屬,40V,4Ah,4.7,3,77698
,https://www.amazon.co.jp/dp/B08BC5ZB9N,https://m.media-amazon.com/images/I/71KnSPkEwcL._AC_CR0%2C0%2C0%2C0_SX352_SY330_.jpg,Makita 牧田 125mm圆盘研磨机 40Vmax 4Ah 附带2个电池・充电器、收纳盒 GA020GRMX,GA020GRMX,打磨類、切割類,手持式,Grinder,金屬,40V,4Ah,4.7,3,68000
,https://www.amazon.co.jp/dp/B08XQH78SM,https://m.media-amazon.com/images/I/51N+A2o3rFL._AC_CR0%2C0%2C0%2C0_SX352_SY330_.jpg,Makita 牧田 150mm 充电式圆盘研磨机 40Vmax4Ah 附带2个电池・充电器、收纳盒 GA033GRMX,GA033GRMX,打磨類、切割類,手持式,Grinder,金屬,40V,4Ah,3.3,3,76566
,https://www.amazon.co.jp/dp/B00OZD4428,https://m.media-amazon.com/images/I/61n+EnxV4ZL._AC_CR0%2C0%2C0%2C0_SX352_SY330_.jpg,Makita 充电式接头切割器 14.4V 附带电池、充电器和收纳盒 PJ140DRF,PJ140DRF,其他類,手持式,Joiner,木頭,14.4V,-,4.5,158,72104
,https://www.amazon.co.jp/dp/B01JOE7MWQ,https://m.media-amazon.com/images/I/61HHnvUpmGL._AC_CR0%2C0%2C0%2C0_SX352_SY330_.jpg,Makita 充电式压胶枪 10.8V1.5Ah 附带电池、充电器、收纳盒 CG100DSH,CG100DSH,其他類,手持式,Caulking gun,Silicon,10.8V,1.5Ah,4.4,20,24916
,https://www.amazon.co.jp/dp/B06XWZJ4JW,https://m.media-amazon.com/images/I/619ADFI6e1L._AC_CR0%2C0%2C0%2C0_SX352_SY330_.jpg,Makita 充电式钢筋捆扎机 18V 6Ah 附带2节电池、充电器、收纳盒 TR180DRGX,TR180DRGX,其他類,手持式,Rebar Tying,,18V,6Ah,3.6,8,168632
,https://www.amazon.co.jp/dp/B002DA3MV4,https://m.media-amazon.com/images/I/71sMeKnkUVL._AC_CR0%2C0%2C0%2C0_SX352_SY330_.jpg,Makita 充电式直发机 14.4V 1.6mm 主体附属电池搭载1个型号 JS160DRF,JS160DRF,其他類,手持式,heet Metal Shear,板金,14.4V,-,3.6,5,59800
,https://www.amazon.co.jp/dp/B00OZD45KO,https://m.media-amazon.com/images/I/614IT8iANDL._AC_CR0%2C0%2C0%2C0_SX352_SY330_.jpg,Makita 牧田 充电式Nipra 14.4V 切割能力软钢板1.6毫米 3Ah电池・充电器、收纳盒 JN160DRF,JN160DRF,其他類,手持式,Sheet Metal Nibbler,板金,14.4V,3Ah,,,64500
,https://www.amazon.co.jp/dp/B0814WG3G5,https://m.media-amazon.com/images/I/91wOxprODdL._AC_CR0%2C0%2C0%2C0_SX352_SY330_.jpg,Makita 加热夹克 2019-2020型号 L码 电池/充电器另售 CJ205DZ,CJ205DZ,服飾,,Clothes,,-,-,4,94,20980
,https://www.amazon.co.jp/dp/B0814W1QXC,https://m.media-amazon.com/images/I/31IkkToVzQL._AC_CR0%2C0%2C0%2C0_SX352_SY330_.jpg,Makita 牧田 加热背心 2019-2020款 L码 电池/充电器另售 CV202DZ,CV202DZ,服飾,,Clothes,,-,-,4,94,15765
,https://www.amazon.co.jp/dp/B07CGYQHPP,https://m.media-amazon.com/images/I/61e-0R0Pu5L._AC_CR0%2C0%2C0%2C0_SX352_SY330_.jpg,Makita 牧田 充电式 风扇夹克 L码 立领 FJ213DZLL,FJ213DZLL,服飾,,Clothes,,-,-,3.4,89,9900
,https://www.amazon.co.jp/dp/B087D2KXF8,https://m.media-amazon.com/images/I/31ieiZT+4YL._AC_CR0%2C0%2C0%2C0_SX352_SY330_.jpg,充电式风扇背心 L尺寸(颜色:灰色)FV410DZL,FV410DZL,服飾,,Clothes,,-,-,5,1,9980
,https://www.amazon.co.jp/dp/B071HVH7JF,https://m.media-amazon.com/images/I/31dm0W4WHNL._AC_CR0%2C0%2C0%2C0_SX352_SY330_.jpg,Makita 充电式风扇夹克 L尺寸 立领 FJ214DZL,None,服飾,,Clothes,,-,-,3,1,10000
,https://www.amazon.co.jp/dp/B085FBXFMZ,https://m.media-amazon.com/images/I/81F0wJz8yML._AC_CR0%2C0%2C0%2C0_SX352_SY330_.jpg,Makita 充电式充气泵 18V 美英法式阀门&球形救生阀 附带6Ah电池・充电器・收纳盒 MP180DRG,MP180DRG,空氣類,手持式,Inflator,,18V,6Ah,4.4,3234,37967
,https://www.amazon.co.jp/dp/B07LBVRSY1,https://m.media-amazon.com/images/I/71lsW7JwQ0L._AC_CR0%2C0%2C0%2C0_SX352_SY330_.jpg,Makita 充电式充气泵(电池BL1015・充电器DC10SA・带收纳盒) MP100DSH 主体:深23.5cm 主体:高17.3cm 主体:宽7.4cm,MP100DSH,空氣類,手持式,Inflator,,-,-,4.3,798,17498
,https://www.amazon.co.jp/dp/B09F61KN6B,https://m.media-amazon.com/images/I/71ESgv-wi7L._AC_CR0%2C0%2C0%2C0_SX352_SY330_.jpg,Makita 充电式充气泵 18V 电池/充电器另售 MP181DZ,MP181DZ,空氣類,手持式,Inflator,,18V,-,4.4,526,13383
,https://www.amazon.co.jp/dp/B09F6KYFYS,https://m.media-amazon.com/images/I/71N++ULkaAL._AC_CR0%2C0%2C0%2C0_SX352_SY330_.jpg,Makita 充电式充气泵 40Vmax 电池/充电器另售 MP001GZ,MP001GZ,空氣類,手持式,Inflator,,40V,-,4.4,318,13690
,https://www.amazon.co.jp/dp/B01NBDC246,https://m.media-amazon.com/images/I/71Wy1E7fs+L._AC_CR0%2C0%2C0%2C0_SX352_SY330_.jpg,Makita 充电式真空泵(带电池/充电器) VP180DRG,VP180DRG,空氣類,手持式,Vacuum pump,,-,-,4.5,115,69425
,https://www.amazon.co.jp/dp/B01LWLI39X,https://m.media-amazon.com/images/I/51Tha-czctL._AC_CR0%2C0%2C0%2C0_SX352_SY330_.jpg,Makita 牧田 充电式吸尘器 10.8V 附电池・充电器 CL107FDSHW,CL107FDSHW,家電類,,Vacuum cleaner,塵,10.8V,-,4.4,23150,16800
,https://www.amazon.co.jp/dp/B07GWY3HYD,https://m.media-amazon.com/images/I/51rCDvg81XL._AC_CR0%2C0%2C0%2C0_SX352_SY330_.jpg,Makita 牧田 充电式吸尘器 10.8V CL108FDSHW,CL108FDSHW,家電類,,Vacuum cleaner,塵,10.8V,-,4.4,23150,14464
,https://www.amazon.co.jp/dp/B003DJ1JQE,https://m.media-amazon.com/images/I/51kH1vS73tL._AC_CR0%2C0%2C0%2C0_SX352_SY330_.jpg,Makita 牧田 无绳吸尘器 CL141 胶囊式 标准40分钟运行/充电22分钟 轻量大功率型 附带14.4V电池充电器 CL141FDRFW,CL141FDRFW,家電類,,Vacuum cleaner,塵,14.4V,-,4.4,23150,28691
,https://www.amazon.co.jp/dp/B004PD34OC,https://m.media-amazon.com/images/I/51n2VbnunIL._AC_CR0%2C0%2C0%2C0_SX352_SY330_.jpg,Makita 牧田 无绳吸尘器 CL142 纸盒式 标准40分钟运行/充电22分钟 轻量大功率型 附带14.4V电池充电器 CL142FDRFW,CL142FDRFW,家電類,,Vacuum cleaner,塵,14.4V,-,4.4,23150,29091
,https://www.amazon.co.jp/dp/B077PCJQH6,https://m.media-amazon.com/images/I/510QDR2Y+bL._AC_CR0%2C0%2C0%2C0_SX352_SY330_.jpg,Makita 牧田 充电式吸尘器 18V CL181,CL181,家電類,,Vacuum cleaner,塵,18V,-,4.4,23150,28808
,https://www.amazon.co.jp/dp/B01CN61AO8,https://m.media-amazon.com/images/I/51KG2-EJXFL._AC_CR0%2C0%2C0%2C0_SX352_SY330_.jpg,Makita 充电式吸尘器 18V (附带电池、充电器) CL181FDRFW,CL181FDRFW,家電類,,Vacuum cleaner,塵,18V,-,4.4,23150,30480
,https://www.amazon.co.jp/dp/B004PDFPEE,https://m.media-amazon.com/images/I/31PJk+M11bL._AC_CR0%2C0%2C0%2C0_SX352_SY330_.jpg,Makita 牧田 无绳吸尘器 CL182 纸盒式 标准40分钟运行/充电22分钟 高功率型 附带18V电池充电器 CL182FDRFW,CL182FDRFW,家電類,,Vacuum cleaner,塵,18V,-,4.4,23150,29645
,https://www.amazon.co.jp/dp/B07Q9M2X91,https://m.media-amazon.com/images/I/71CxyVcER1L._AC_CR0%2C0%2C0%2C0_SX352_SY330_.jpg,Makita 牧田 无绳吸尘器 CL281 胶囊式&气旋 标准50分钟运行/22分钟 附带18V电池充电器 CL281FDFCW,CL281FDFCW,家電類,,Vacuum cleaner,塵,18V,-,4.4,23150,63000
,https://www.amazon.co.jp/dp/B07Q9PNBY1,https://m.media-amazon.com/images/I/71LKAueotuL._AC_CR0%2C0%2C0%2C0_SX352_SY330_.jpg,Makita 牧田 无绳吸尘器 CL282 纸盒式&气旋 标准50分钟运行/22分钟 附带18V电池充电器 CL282FDFCW,CL282FDFCW,家電類,,Vacuum cleaner,塵,18V,-,4.4,23150,57000
,https://www.amazon.co.jp/dp/B002DCHPYM,https://m.media-amazon.com/images/I/41MilvCfRkL._AC_CR0%2C0%2C0%2C0_SX352_SY330_.jpg,Makita 牧田 无绳吸尘器(充电式吸尘器)CL100DW,None,家電類,,Vacuum cleaner,塵,-,-,4.3,1668,12809
,https://www.amazon.co.jp/dp/B00380OBXQ,https://m.media-amazon.com/images/I/31fLwtPwy8L._AC_CR0%2C0%2C0%2C0_SX352_SY330_.jpg,Makita 牧田 充电式吸尘器 18V CL180,CL180,家電類,,Vacuum cleaner,塵,18V,-,4.3,1564,29280
,https://www.amazon.co.jp/dp/B077P9KZ3G,https://m.media-amazon.com/images/I/510S0jLqYpL._AC_CR0%2C0%2C0%2C0_SX352_SY330_.jpg,Makita 牧田 充电式吸尘器 18V CL180,None,家電類,,Vacuum cleaner,塵,18V,-,4.3,1564,30480
,https://www.amazon.co.jp/dp/B01I4RHJ40,https://m.media-amazon.com/images/I/81ByKQ1eyqL._AC_CR0%2C0%2C0%2C0_SX352_SY330_.jpg,牧田 充电式收音机 MR052 电池/充电器另售,MR052,家電類,,Radio,,-,-,4.4,1176,7281
,https://www.amazon.co.jp/dp/B01LZUQMMU,https://m.media-amazon.com/images/I/61zVV2qa3qL._AC_CR0%2C0%2C0%2C0_SX352_SY330_.jpg,Makita 牧田 无绳吸尘器 CL106 胶囊式 10.8V(附带电池/充电器CL106FDSHW,CL106FDSHW,家電類,,Vacuum cleaner,塵,10.8V,-,4.3,1079,13573
,https://www.amazon.co.jp/dp/B00471HLG4,https://m.media-amazon.com/images/I/51hTIaSRUVL._AC_CR0%2C0%2C0%2C0_SX352_SY330_.jpg,Makita 牧田 无绳吸尘器(充电式吸尘器) 10.8V 搭载主体附属电池1个型号 CL102DW,CL102DW,家電類,,Vacuum cleaner,塵,10.8V,-,4,983,14055
,https://www.amazon.co.jp/dp/B07QC258LJ,https://m.media-amazon.com/images/I/71jcgmBTYXL._AC_CR0%2C0%2C0%2C0_SX352_SY330_.jpg,Makita 牧田 无绳吸尘器 CL280 胶囊式&气旋 18V带电池充电器 CL280FDFCW,CL280FDFCW,家電類,,Vacuum cleaner,塵,18V,-,4.3,678,35980
,https://www.amazon.co.jp/dp/B07Q6N4CM6,https://m.media-amazon.com/images/I/71mcYhyOrRL._AC_CR0%2C0%2C0%2C0_SX352_SY330_.jpg,Makita 牧田 无绳吸尘器 CL280 胶囊式18V 附18V电池充电器 CL280FDRFW,CL280FDRFW,家電類,,Vacuum cleaner,塵,18V,-,4.3,678,33380
,https://www.amazon.co.jp/dp/B001TKBW7U,https://m.media-amazon.com/images/I/61+6hg3X5ML._AC_CR0%2C0%2C0%2C0_SX352_SY330_.jpg,Makita 牧田 无绳吸尘器 CL140 胶囊式 附带14.4V电池充电器 CL140FDRFW,CL140FDRFW,家電類,,Vacuum cleaner,塵,14.4V,-,4.3,435,26425
,https://www.amazon.co.jp/dp/B07B3LZQJ9,https://m.media-amazon.com/images/I/71gPTZO87gL._AC_CR0%2C0%2C0%2C0_SX352_SY330_.jpg,牧田 充电式咖啡机 电池充电器另售 CM501DZ,CM501DZ,家電類,,Coffee Machine,,-,-,4,420,12494
,https://www.amazon.co.jp/dp/B082BY53NG,https://m.media-amazon.com/images/I/61a40Et5YhL._AC_CR0%2C0%2C0%2C0_SX352_SY330_.jpg,Makita 牧田 无绳吸尘器 CL280蓝色 胶囊式&气旋 18V带电池充电器 CL280FDRFC,CL280FDRFC,家電類,,Vacuum cleaner,塵,18V,-,4.4,313,34473
,https://www.amazon.co.jp/dp/B007P9LDEQ,https://m.media-amazon.com/images/I/61Wc5hosQ4L._AC_CR0%2C0%2C0%2C0_SX352_SY330_.jpg,Makita 充电式收音机 MR051 仅本体,MR051,家電類,,Radio,,-,-,4.1,297,4960
,https://www.amazon.co.jp/dp/B09F612GKT,https://m.media-amazon.com/images/I/71Zh40DWWsL._AC_CR0%2C0%2C0%2C0_SX352_SY330_.jpg,Makita 充电式收音机(橄榄色) 40Vmax 仅主机/电池・充电器另售 MR005GZO,MR005GZO,家電類,,Radio,,40V,-,4.5,97,33470
,https://www.amazon.co.jp/dp/B082BYN9MS,https://m.media-amazon.com/images/I/61BgYmXZc0L._AC_CR0%2C0%2C0%2C0_SX352_SY330_.jpg,Makita 牧田 无绳吸尘器 CL280蓝色 胶囊式 附带18V电池充电器 CL280FDRF,CL280FDRF,家電類,,Vacuum cleaner,塵,18V,-,4,90,39042
,https://www.amazon.co.jp/dp/B09F6348HW,https://m.media-amazon.com/images/I/71Fi4deS+0L._AC_CR0%2C0%2C0%2C0_SX352_SY330_.jpg,Makita 充电式收音机(白色) 40Vmax 仅主机/电池/充电器另售 MR001GZW,MR001GZW,家電類,,Radio,,40V,-,4.1,59,19126
,https://www.amazon.co.jp/dp/B019DJCB0K,https://m.media-amazon.com/images/I/61TjxYlPRRL._AC_CR0%2C0%2C0%2C0_SX352_SY330_.jpg,Makita 充电式咖啡机 18V CM500DZ,CM500DZ,家電類,,Coffee Machine,,18V,-,3.5,58,11000
,https://www.amazon.co.jp/dp/B08L6DNK3N,https://m.media-amazon.com/images/I/61Z0ILDfPaL._AC_CR0%2C0%2C0%2C0_SX352_SY330_.jpg,Makita 充电式吸尘器 10.8V 4Ah 附电池・充电器 CL108FDSMW,CL108FDSMW,家電類,,Vacuum cleaner,塵,10.8V,4Ah,4.1,54,20027
,https://www.amazon.co.jp/dp/B09ND3W2SX,https://m.media-amazon.com/images/I/71lb2QxmmYL._AC_CR0%2C0%2C0%2C0_SX352_SY330_.jpg,Makita 充电式水壶 36V 电池/充电器另售 KT360DZ 蓝色,KT360DZ,家電類,,Pot,,36V,-,4.3,43,13500
,https://www.amazon.co.jp/dp/B09V22SH9G,https://m.media-amazon.com/images/I/615oXUUBo3L._AC_CR0%2C0%2C0%2C0_SX352_SY330_.jpg,Makita 充电式吸尘器(橄榄绿) 40Vmax2.5Ah 附带电池・充电器 带锁旋风附件 CL002GRDCO,CL002GRDCO,家電類,,Vacuum cleaner,塵,40V,2.5Ah,4.3,28,42339
,https://www.amazon.co.jp/dp/B09F63LRS3,https://m.media-amazon.com/images/I/71yqHwi7PzL._AC_CR0%2C0%2C0%2C0_SX352_SY330_.jpg,Makita 充电式收音机(蓝色) 40Vmax 仅主机/电池・充电器另售 MR002GZ,MR002GZ,家電類,,Radio,,40V,-,4.4,25,26909
,https://www.amazon.co.jp/dp/B01MU2K6RG,https://m.media-amazon.com/images/I/616Pp32BNfL._AC_CR0%2C0%2C0%2C0_SX352_SY330_.jpg,Makita 充电式旋风吸尘器(仅主体) CL501DZ,CL501DZ,家電類,,Vacuum cleaner,塵,-,-,3.7,19,45990
,https://www.amazon.co.jp/dp/B071F4KKRV,https://m.media-amazon.com/images/I/61qmVOT4AwL._AC_CR0%2C0%2C0%2C0_SX352_SY330_.jpg,Makita 机器人吸尘器 18V (仅主体) RC200DZSP,RC200DZSP,家電類,,Vacuum cleaner,塵,18V,-,3.9,16,83791
,https://www.amazon.co.jp/dp/B09FPFY4MY,https://m.media-amazon.com/images/I/61mO3a1qy-L._AC_CR0%2C0%2C0%2C0_SX352_SY330_.jpg,Makita 充电式吸尘器(白色) 40Vmax2.5Ah 带电池/充电器CL001GRDW,CL001GRDW,家電類,,Vacuum cleaner,塵,40V,2.5Ah,4.1,10,39667
,https://www.amazon.co.jp/dp/B09TT531XR,https://m.media-amazon.com/images/I/71cUCsiCUXL._AC_CR0%2C0%2C0%2C0_SX352_SY330_.jpg,Makita 充电式水壶(橄榄绿) 40Vmax 电池・充电器另售 KT001GZO,KT001GZO,家電類,,Pot,,40V,-,4.4,9,22430
,https://www.amazon.co.jp/dp/B09HTGGPRV,https://m.media-amazon.com/images/I/61FbC7fGlgL._AC_CR0%2C0%2C0%2C0_SX352_SY330_.jpg,Makita 充电式吸尘器(白色) 40Vmax2.5Ah 带电池/充电器CL001GRDCW,CL001GRDCW,家電類,,Vacuum cleaner,塵,40V,2.5Ah,4.8,8,42539
,https://www.amazon.co.jp/dp/B09TT2HDQJ,https://m.media-amazon.com/images/I/61V0I1piUNL._AC_CR0%2C0%2C0%2C0_SX352_SY330_.jpg,Makita 充电式吸尘器(雪白)40Vmax2.5Ah 附带电池/充电器 CL002GRDW,CL002GRDW,家電類,,Vacuum cleaner,塵,40V,2.5Ah,4.2,3,42329
,https://www.amazon.co.jp/dp/B09FLN78VY,https://m.media-amazon.com/images/I/61qTNHTqa6L._AC_CR0%2C0%2C0%2C0_SX352_SY330_.jpg,Makita 充电式吸尘器(橄榄绿)40Vmax2.5Ah 附带电池/充电器 CL001GRDCO,CL001GRDCO,家電類,,Vacuum cleaner,塵,40V,2.5Ah,5,2,42539
,https://www.amazon.co.jp/dp/B09FLKMRTX,https://m.media-amazon.com/images/I/61nLiIL4X0L._AC_CR0%2C0%2C0%2C0_SX352_SY330_.jpg,Makita 充电式吸尘器(橄榄绿)40Vmax2.5Ah 带电池/充电器CL001GRDO,CL001GRDO,家電類,,Vacuum cleaner,塵,40V,2.5Ah,4.6,2,39667
,https://www.amazon.co.jp/dp/B09TT32G91,https://m.media-amazon.com/images/I/61+hlGnWK3L._AC_CR0%2C0%2C0%2C0_SX352_SY330_.jpg,Makita 充电式吸尘器(橄榄绿)40Vmax2.5Ah 带电池/充电器 CL002GRDO,CL002GRDO,家電類,,Vacuum cleaner,塵,40V,2.5Ah,,,39992
,https://www.amazon.co.jp/dp/B086QB27YZ,https://m.media-amazon.com/images/I/81a1jpPDAuL._AC_CR0%2C0%2C0%2C0_SX352_SY330_.jpg,Makita 充电式塔卡 18V6Ah 附带电池、充电器、收纳盒 ST421DRG,ST421DRG,釘卯類,手持式,Nailer,木頭,18V,6Ah,4.1,180,64800
,https://www.amazon.co.jp/dp/B076MR96CZ,https://m.media-amazon.com/images/I/41dzlZhborL._AC_CR0%2C0%2C0%2C0_SX352_SY330_.jpg,Makita 牧田 充电式别针塔卡 10.8V 1.5Ah 附电池・充电器・收纳盒PT354DSH,PT354DSH,釘卯類,手持式,Nailer,木頭,10.8V,1.5Ah,4.4,104,36209
,https://www.amazon.co.jp/dp/B01LVTSQJE,https://m.media-amazon.com/images/I/81sRyeZlGKL._AC_CR0%2C0%2C0%2C0_SX352_SY330_.jpg,Makita 充电式塔卡 ST113DSH,ST113DSH,釘卯類,手持式,Nailer,木頭,-,-,4.1,71,32686
,https://www.amazon.co.jp/dp/B01LW59K6C,https://m.media-amazon.com/images/I/81dJb08QziL._AC_CR0%2C0%2C0%2C0_SX352_SY330_.jpg,Makita 充电式塔卡 ST313DSH,ST313DSH,釘卯類,手持式,Nailer,木頭,-,-,4.1,60,27926
,https://www.amazon.co.jp/dp/B0784FJNXR,https://m.media-amazon.com/images/I/71h2xFR5hpL._AC_CR0%2C0%2C0%2C0_SX352_SY330_.jpg,Makita 充电式别针塔卡 14.4V 6Ah 附带电池・充电器・收纳盒 PT352DRG,PT352DRG,釘卯類,手持式,Nailer,木頭,14.4V,6Ah,4.2,55,72999
,https://www.amazon.co.jp/dp/B09DY5Z1M6,https://m.media-amazon.com/images/I/91HCR02+U6L._AC_CR0%2C0%2C0%2C0_SX352_SY330_.jpg,Makita 充电式抛光钉 40Vmax2.5Ah 附带电池、充电器和收纳盒 FN001GRD,FN001GRD,釘卯類,手持式,Nailer,木頭,40V,2.5Ah,4.2,28,74800
,https://www.amazon.co.jp/dp/B07XTKPJQD,https://m.media-amazon.com/images/I/81vPy8QGXbL._AC_CR0%2C0%2C0%2C0_SX352_SY330_.jpg,Makita 充电式升降机 RV150DRG,RV150DRG,釘卯類,手持式,Rivet gun,釘,-,-,3.1,11,114800
,https://www.amazon.co.jp/dp/B01C3WD7QQ,https://m.media-amazon.com/images/I/71QDqYALl2L._AC_CR0%2C0%2C0%2C0_SX352_SY330_.jpg,Makita 充电式铆钉(CT线) ST311DRF,ST311DRF,釘卯類,手持式,Nailer,木頭,-,-,4.7,10,48800
,https://www.amazon.co.jp/dp/B09XDY336M,https://m.media-amazon.com/images/I/81uvgtj33YL._AC_CR0%2C0%2C0%2C0_SX352_SY330_.jpg,Makita 牧田(Makita) 充电式Pintaka 40Vmax2.5Ah 附带2个电池・充电器、收纳盒 PT001GRDX,PT001GRDX,釘卯類,手持式,Nailer,木頭,40V,2.5Ah,3.3,2,77616
,https://www.amazon.co.jp/dp/B087C8RJN8,https://m.media-amazon.com/images/I/81IdYm5WRzL._AC_CR0%2C0%2C0%2C0_SX352_SY330_.jpg,Makita 充电式塔卡 18V6Ah 附带电池、充电器、收纳盒 ST121DRG,ST121DRG,釘卯類,手持式,Nailer,木頭,18V,6Ah,4,1,70162
,https://www.amazon.co.jp/dp/B07XTKYYS5,https://m.media-amazon.com/images/I/71H4iJR+bFL._AC_CR0%2C0%2C0%2C0_SX352_SY330_.jpg,Makita 充电式利贝塔 RV250DRG,RV250DRG,釘卯類,手持式,Rivet gun,釘,-,-,,,105980
,https://www.amazon.co.jp/dp/B07VP4MYCP,https://m.media-amazon.com/images/I/71GlMfUxYiL._AC_CR0%2C0%2C0%2C0_SX352_SY330_.jpg,Makita 牧田 充电式高压清洗机 18V-6Ah附带2节电池&2口充电器 MHW080DPG2,MHW080DPG2,清潔類,機台,High-pressure cleaner,水,18V,6Ah,3.7,196,82300
,https://www.amazon.co.jp/dp/B07TQ7NCV2,https://m.media-amazon.com/images/I/51orEgvDM+L._AC_CR0%2C0%2C0%2C0_SX352_SY330_.jpg,Makita 充电式室内室外通用打标器 SK10GD,SK10GD,測量類,,Laser Level,,-,-,4.3,41,54952
,https://www.amazon.co.jp/dp/B07TQ7L98P,https://m.media-amazon.com/images/I/51okWX+U9iL._AC_CR0%2C0%2C0%2C0_SX352_SY330_.jpg,Makita 充电式室内室外通用打标器 SK20GD,SK20GD,測量類,,Laser Level,,-,-,4.3,41,62802
,https://www.amazon.co.jp/dp/B07VRNB7CP,https://m.media-amazon.com/images/I/71e90ksGqaL._AC_CR0%2C0%2C0%2C0_SX352_SY330_.jpg,Makita 充电式墙式探测器 WD181DZK,WD181DZK,測量類,,wall scanner,,-,-,3.4,15,149064
,https://www.amazon.co.jp/dp/B09NLQZMTH,https://m.media-amazon.com/images/I/71jNMQSxhTL._AC_CR0%2C0%2C0%2C0_SX352_SY330_.jpg,Makita 充电式室内外兼用打标器 10.8V 电池・充电器・三脚架另售 SK507GDZ 蓝色,SK507GDZ,測量類,,Laser Level,,10.8V,-,3.4,10,178000
,https://www.amazon.co.jp/dp/B09F62PSBV,https://m.media-amazon.com/images/I/71Pat6+DLAL._AC_CR0%2C0%2C0%2C0_SX352_SY330_.jpg,Makita 牧田 室内外通用打墨器 电池、充电器、三脚架另售 SK314GDZ,SK314GDZ,測量類,,Laser Level,,-,-,4.3,4,198687
,https://www.amazon.co.jp/dp/B07VPHJ6Q2,https://m.media-amazon.com/images/I/81EInTrHsKL._AC_CR0%2C0%2C0%2C0_SX352_SY330_.jpg,Makita 充电式墙式探测器 WD180DZK,WD180DZK,測量類,,wall scanner,,-,-,,,176222
,https://www.amazon.co.jp/dp/B09F5ZXHHX,https://m.media-amazon.com/images/I/71QYYsFtObL._AC_CR0%2C0%2C0%2C0_SX352_SY330_.jpg,Makita 牧田 室内外通用打墨器 电池、充电器、三脚架另售 SK211GDZ,SK211GDZ,測量類,,Laser Level,,-,-,,,178056
,https://www.amazon.co.jp/dp/B00B4PAPDW,https://m.media-amazon.com/images/I/51qg1wMf--L._AC_CR0%2C0%2C0%2C0_SX352_SY330_.jpg,Makita 充电式小型集尘机 14.4V 3.0Ah 主体附属电池搭载1个型号 VC340DRF,VC340DRF,集塵類,機台,Vacuum cleaner,塵,14.4V,3.0Ah,4.2,315,39535
,https://www.amazon.co.jp/dp/B07NQKZ54T,https://m.media-amazon.com/images/I/61DH21oelxL._AC_CR0%2C0%2C0%2C0_SX352_SY330_.jpg,Makita 牧田 肩式充电式吸尘器 附带电池、充电器、软袋 CL121DSH,CL121DSH,集塵類,手持式,Vacuum cleaner,塵,-,-,3.8,292,21800
,https://www.amazon.co.jp/dp/B08CKNX1YB,https://m.media-amazon.com/images/I/41yOtCBo8pL._AC_CR0%2C0%2C0%2C0_SX352_SY330_.jpg,Makita 充电式吸尘器 18V3Ah 附带电池、充电器、软袋 CL184DRF,CL184DRF,集塵類,手持式,Vacuum cleaner,塵,18V,3Ah,3.8,230,34542
,https://www.amazon.co.jp/dp/B08D6899QG,https://m.media-amazon.com/images/I/71etGqWla2L._AC_CR0%2C0%2C0%2C0_SX352_SY330_.jpg,Makita 充电式背负吸尘器 36V 电池/充电器另售 VC261DZ,VC261DZ,集塵類,機台,Vacuum cleaner,塵,36V,-,4,17,35408
,https://www.amazon.co.jp/dp/B016CUWU5Y,https://m.media-amazon.com/images/I/61FlkhrvWqL._AC_CR0%2C0%2C0%2C0_SX352_SY330_.jpg,Makita 混合集尘机 干湿两用 18V VC860DZ,VC860DZ,集塵類,機台,Vacuum cleaner,塵,18V,-,3.5,14,62775
,https://www.amazon.co.jp/dp/B08D6JM8BV,https://m.media-amazon.com/images/I/71kaY3FXBJL._AC_CR0%2C0%2C0%2C0_SX352_SY330_.jpg,Makita 充电式背负集尘机 36V 电池、充电器、无线单元另售 VC265DZ,VC265DZ,集塵類,機台,Vacuum cleaner,塵,36V,-,3.8,12,30174
,https://www.amazon.co.jp/dp/B087K3346S,https://m.media-amazon.com/images/I/81KsNi7XHxL._AC_CR0%2C0%2C0%2C0_SX352_SY330_.jpg,Makita 牧田 干湿两用 充电式集尘机 36V 电池/充电器另售 VC865DZ,VC865DZ,集塵類,機台,Vacuum cleaner,塵,36V,-,4.1,12,48312
,https://www.amazon.co.jp/dp/B081SY6LTB,https://m.media-amazon.com/images/I/71ZlyL0xOgL._AC_CR0%2C0%2C0%2C0_SX352_SY330_.jpg,Makita 充电式背负吸尘器 VC660DZ,VC660DZ,集塵類,機台,Vacuum cleaner,塵,-,-,3.5,11,40547
,https://www.amazon.co.jp/dp/B087K3M3RC,https://m.media-amazon.com/images/I/81RWjKLvypL._AC_CR0%2C0%2C0%2C0_SX352_SY330_.jpg,Makita 牧田 粉尘专用 充电式集尘机 36V 电池/充电器另售 VC867DZ,VC867DZ,集塵類,機台,Vacuum cleaner,塵,36V,-,4.1,6,55550
,https://www.amazon.co.jp/dp/B087K3PP1Q,https://m.media-amazon.com/images/I/81UVIvKS3XL._AC_CR0%2C0%2C0%2C0_SX352_SY330_.jpg,Makita 牧田 干湿两用 充电式集尘机 36V 电池/充电器另售 VC155DZ,VC155DZ,集塵類,機台,Vacuum cleaner,塵,36V,-,4.1,4,51818
,https://www.amazon.co.jp/dp/B087K3M3RG,https://m.media-amazon.com/images/I/81gn7ptWyXL._AC_CR0%2C0%2C0%2C0_SX352_SY330_.jpg,Makita 干式专用 充电式干式吸尘器 36V 电池/充电器另售 VC866DZ,VC866DZ,集塵類,機台,Vacuum cleaner,塵,36V,-,2,1,51089
,https://www.amazon.co.jp/dp/B087K2L18N,https://m.media-amazon.com/images/I/81jjLhdrKnL._AC_CR0%2C0%2C0%2C0_SX352_SY330_.jpg,Makita 牧田 粉尘专用 充电式集尘机 36V 电池/充电器另售 VC157DZ,VC157DZ,集塵類,機台,Vacuum cleaner,塵,36V,-,,,58800
,https://www.amazon.co.jp/dp/B085SBWKKJ,https://m.media-amazon.com/images/I/61oogVKTyML._AC_CR0%2C0%2C0%2C0_SX352_SY330_.jpg,Makita 牧田 充电式割草机 18V 带割草宽度 230 毫米锯片 带6Ah电池/充电器 MUR190LDRG,MUR190LDRG,園林類,手持式,Lawn mower,草,18V,6Ah,4.3,1684,48390
,https://www.amazon.co.jp/dp/B085SBRDCN,https://m.media-amazon.com/images/I/61l0mJJHCfL._AC_CR0%2C0%2C0%2C0_SX352_SY330_.jpg,Makita 牧田 充电式割草机 18V 附带割草宽度 230 毫米锯片 简单功能模型(不搭载轻松模式)5Ah电池・充电器 MUR190SDST,MUR190SDST,園林類,手持式,Lawn mower,草,18V,5Ah,4.3,1684,47970
,https://www.amazon.co.jp/dp/B085SCM9S2,https://m.media-amazon.com/images/I/61PS9dpK+cL._AC_CR0%2C0%2C0%2C0_SX352_SY330_.jpg,Makita 牧田 充电式割草机 18V 带割草宽度 230 毫米锯片 U型手柄 6Ah带电池/充电器 MUR190UDRG,MUR190UDRG,園林類,手持式,Lawn mower,草,18V,6Ah,4.3,1684,48798
,https://www.amazon.co.jp/dp/B085SCDWXR,https://m.media-amazon.com/images/I/61Cu0sKJMiL._AC_CR0%2C0%2C0%2C0_SX352_SY330_.jpg,Makita 牧田 充电式割草机18V 附带割草宽度230mm锯片2把 附带6Ah电池・充电器、MUR190WDRG,MUR190WDRG,園林類,手持式,Lawn mower,草,18V,6Ah,4.3,1684,48798
,https://www.amazon.co.jp/dp/B085SC9F8B,https://m.media-amazon.com/images/I/613QBDmPGVL._AC_CR0%2C0%2C0%2C0_SX352_SY330_.jpg,Makita 牧田 充电式割草机 18V 带割草宽度 230 毫米锯片 带环形手柄 6Ah电池・充电器 MUR191LDRG,MUR191LDRG,園林類,手持式,Lawn mower,草,18V,6Ah,4.3,1684,51372
,https://www.amazon.co.jp/dp/B085SCM89N,https://m.media-amazon.com/images/I/61r1k3yoLBL._AC_CR0%2C0%2C0%2C0_SX352_SY330_.jpg,Makita 牧田 充电式割草机 18V 带割草宽度 230 毫米锯片 U型手柄 分割 附6Ah电池和充电器 MUR191UDRG,MUR191UDRG,園林類,手持式,Lawn mower,草,18V,6Ah,4.3,1684,51870
,https://www.amazon.co.jp/dp/B071R49581,https://m.media-amazon.com/images/I/61b0DrCQJoL._AC_CR0%2C0%2C0%2C0_SX352_SY330_.jpg,Makita 牧田 草坪理发器 充电式10.8V 切割宽度160mm 附带电池・充电器 MUM600DSH,MUM600DSH,園林類,手持式,Lawn mower,草,10.8V,-,4.2,1509,15227
,https://www.amazon.co.jp/dp/B01MDVCWTW,https://m.media-amazon.com/images/I/41f2dKvx3pL._AC_CR0%2C0%2C0%2C0_SX352_SY330_.jpg,Makita 牧田 鼓风机,None,園林類,手持式,Leaf blower,葉,-,-,4.5,1360,61500
,https://www.amazon.co.jp/dp/B01MXBWBX6,https://m.media-amazon.com/images/I/61S3F47YOML._AC_CR0%2C0%2C0%2C0_SX352_SY330_.jpg,Makita 牧田 鼓风机,None,園林類,手持式,Leaf blower,葉,-,-,4.5,1360,49596
,https://www.amazon.co.jp/dp/B071R41S2D,https://m.media-amazon.com/images/I/51Vati6YoOL._AC_CR0%2C0%2C0%2C0_SX352_SY330_.jpg,Makita 牧田 迷你树篱修剪器 充电式10.8V 切割宽度260mm/切割直径10mm 1.5Ah电池・附充电器 MUH264DSH,MUH264DSH,園林類,手持式,Trimmer,葉,10.8V,1.5Ah,4.3,1112,15664
,https://www.amazon.co.jp/dp/B08R79H1L7,https://m.media-amazon.com/images/I/71yKOWw3J9L._AC_CR0%2C0%2C0%2C0_SX352_SY330_.jpg,Makita 充电式鼓风机 10.8V1.5Ah 附带电池・充电器 UB101DSH,UB101DSH,園林類,手持式,Leaf Blower,葉,10.8V,1.5Ah,4.3,1023,16616
,https://www.amazon.co.jp/dp/B0876BJHT8,https://m.media-amazon.com/images/I/71mJvdHRggL._AC_CR0%2C0%2C0%2C0_SX352_SY330_.jpg,Makita 充电式鼓风机 18V3Ah 附带电池・充电器 UB185DRF,UB185DRF,園林類,手持式,Leaf Blower,葉,18V,3Ah,4.3,1023,29354
,https://www.amazon.co.jp/dp/B07B57XRPW,https://m.media-amazon.com/images/I/71PO9+i4jZL._AC_CR0%2C0%2C0%2C0_SX352_SY330_.jpg,Makita 牧田 充电式电锯 导向杆300毫米 蓝色 18V 6Ah电池2个・带充电器 MUC303DPG2,MUC303DPG2,園林類,手持式,電鋸,木頭,18V,6Ah,4.2,587,62600
,https://www.amazon.co.jp/dp/B07B57XRPX,https://m.media-amazon.com/images/I/71Ekf087wTL._AC_CR0%2C0%2C0%2C0_SX352_SY330_.jpg,Makita 牧田 充电式电锯 导向杆350毫米 红色 18V 6Ah电池2个・带充电器 MUC353DGFR,MUC353DGFR,園林類,手持式,電鋸,木頭,18V,6Ah,4.2,587,67300
,https://www.amazon.co.jp/dp/B01J4UBQ9U,https://m.media-amazon.com/images/I/717EdOi2pfL._AC_CR0%2C0%2C0%2C0_SX352_SY330_.jpg,Makita 牧田 充电式电锯 导向杆350毫米 蓝色 18V+18V 6Ah电池2个・带充电器 MUC353DPG2,MUC353DPG2,園林類,手持式,電鋸,木頭,18V,6Ah,4.2,587,64455
,https://www.amazon.co.jp/dp/B07SFFK3Y7,https://m.media-amazon.com/images/I/71fNesY6ijL._AC_CR0%2C0%2C0%2C0_SX352_SY330_.jpg,Makita 牧田 充电式电锯 导向杆350毫米 红色 36V 6Ah电池2个・带充电器 MUC355DGFR,MUC355DGFR,園林類,手持式,電鋸,木頭,36V,6Ah,4.2,587,65959
,https://www.amazon.co.jp/dp/B07B56DB74,https://m.media-amazon.com/images/I/71EGw+65okL._AC_CR0%2C0%2C0%2C0_SX352_SY330_.jpg,Makita 牧田 充电式电锯 导向杆400毫米 红色 18V 6Ah电池2个・带充电器 MUC400DGFR,MUC400DGFR,園林類,手持式,電鋸,木頭,18V,6Ah,4.2,587,70800
,https://www.amazon.co.jp/dp/B07T2B361D,https://m.media-amazon.com/images/I/71dY435DwDL._AC_CR0%2C0%2C0%2C0_SX352_SY330_.jpg,Makita 牧田 充电式电锯 导向杆400毫米 红色 36V 6Ah电池2个・带充电器 MUC405DGFR,MUC405DGFR,園林類,手持式,電鋸,木頭,36V,6Ah,4.2,587,69300
,https://www.amazon.co.jp/dp/B07RK7KDLD,https://m.media-amazon.com/images/I/61ZexTp-hML._AC_CR0%2C0%2C0%2C0_SX352_SY330_.jpg,Makita 牧田 充电式割草机18V 割草宽度230mm树脂刀刃3片式环形手柄 粉色 3Ah电池&充电器 MUR189DSFP,MUR189DSFP,園林類,手持式,Lawn mower,草,18V,3Ah,4.1,583,38301
,https://www.amazon.co.jp/dp/B07PTFG33S,https://m.media-amazon.com/images/I/71nX8VOL+tL._AC_CR0%2C0%2C0%2C0_SX352_SY330_.jpg,Makita 充电式割草机 U型手柄左右不对称 36V 6Ah 附带2节电池・充电器 MUR368ADG2,MUR368ADG2,園林類,手持式,Lawn mower,草,36V,6Ah,4.3,434,68000
,https://www.amazon.co.jp/dp/B07PTGVBXC,https://m.media-amazon.com/images/I/71XKbNy7rEL._AC_CR0%2C0%2C0%2C0_SX352_SY330_.jpg,Makita 充电式割草机 环形手柄 36V 6Ah 附带2节电池・充电器 MUR368LDG2,MUR368LDG2,園林類,手持式,Lawn mower,草,36V,6Ah,4.3,434,68000
,https://www.amazon.co.jp/dp/B07PN1VWDV,https://m.media-amazon.com/images/I/71NtNm8z4QL._AC_CR0%2C0%2C0%2C0_SX352_SY330_.jpg,Makita 充电式割草机 U型手柄 36V 3Ah 附带2节电池・充电器 MUR368UDCF,MUR368UDCF,園林類,手持式,Lawn mower,草,36V,3Ah,4.3,434,56800
,https://www.amazon.co.jp/dp/B07PTGRB5J,https://m.media-amazon.com/images/I/71gZSJSvzAL._AC_CR0%2C0%2C0%2C0_SX352_SY330_.jpg,Makita 充电式割草机 U型手柄 36V 6Ah 附带2节电池・充电器、MUR368UDG2,MUR368UDG2,園林類,手持式,Lawn mower,草,36V,6Ah,4.3,434,68000
,https://www.amazon.co.jp/dp/B07PTH57D9,https://m.media-amazon.com/images/I/71bfJgtEX7L._AC_CR0%2C0%2C0%2C0_SX352_SY330_.jpg,Makita 充电式割草机 2把 36V 6Ah 附带2个电池・充电器 MUR368WDG2,MUR368WDG2,園林類,手持式,Lawn mower,草,36V,6Ah,4.3,434,68000
,https://www.amazon.co.jp/dp/B0718ZWWMK,https://m.media-amazon.com/images/I/51rwBK0wJ-L._AC_CR0%2C0%2C0%2C0_SX352_SY330_.jpg,Makita 牧田 充电式割草机10.8V 割草宽度230mm树脂刀刃1片式 带电池充电器 MUR100DSH,MUR100DSH,園林類,手持式,Lawn mower,草,10.8V,-,3.8,369,17229
,https://www.amazon.co.jp/dp/B09WY35T1Z,https://m.media-amazon.com/images/I/61kOgL8V36L._AC_CR0%2C0%2C0%2C0_SX352_SY330_.jpg,Makita 充电式割草机 18V3Ah 带电池、充电器 MUR194DSF 蓝色,MUR194DSF,園林類,手持式,Lawn mower,草,18V,3Ah,4.1,359,39900
,https://www.amazon.co.jp/dp/B007DPYQRS,https://m.media-amazon.com/images/I/71d6h-mlXbL._AC_CR0%2C0%2C0%2C0_SX352_SY330_.jpg,Makita 牧田 充电式电锯 搭载主体附属电池1个型号 14.4V UC121DRF,UC121DRF,園林類,手持式,電鋸,木頭,14.4V,-,4.2,297,48386
,https://www.amazon.co.jp/dp/B006GKFYZE,https://m.media-amazon.com/images/I/61QCmbpwnHL._AC_CR0%2C0%2C0%2C0_SX352_SY330_.jpg,Makita 牧田 充电式电锯 导向杆 115毫米 蓝色 18V 3.0Ah带电池充电器 UC122DRF,UC122DRF,園林類,手持式,電鋸,木頭,18V,3.0Ah,4.2,297,43492
,https://www.amazon.co.jp/dp/B07TKWW2BN,https://m.media-amazon.com/images/I/71hBP2LtcDL._AC_CR0%2C0%2C0%2C0_SX352_SY330_.jpg,Makita 牧田 充电式电锯 导杆 250毫米 红色 18V +18V 6Ah电池2个・带充电器 MUC256DGFR,MUC256DGFR,園林類,手持式,電鋸,木頭,18V,6Ah,4.2,280,66300
,https://www.amazon.co.jp/dp/B07TQ7RFBN,https://m.media-amazon.com/images/I/71jHQlnMgcL._AC_CR0%2C0%2C0%2C0_SX352_SY330_.jpg,Makita 牧田 充电式电锯 导向杆300毫米 红色 36V 6Ah电池2个・带充电器 MUC306DGFR,MUC306DGFR,園林類,手持式,電鋸,木頭,36V,6Ah,4.2,280,68300
,https://www.amazon.co.jp/dp/B07TKWS6XH,https://m.media-amazon.com/images/I/71GY-791g7L._AC_CR0%2C0%2C0%2C0_SX352_SY330_.jpg,Makita 牧田 充电式电锯 导向杆350毫米 红色 36V 6Ah电池2个・带充电器 MUC356DGFR,MUC356DGFR,園林類,手持式,電鋸,木頭,36V,6Ah,4.2,280,69300
,https://www.amazon.co.jp/dp/B071HBP8XH,https://m.media-amazon.com/images/I/61cjN9xNvvL._AC_CR0%2C0%2C0%2C0_SX352_SY330_.jpg,Makita 木篱修剪器 充电式18V 切割宽度500mm/切割直径18mm 6Ah电池・充电器 MUH500DRG,MUH500DRG,園林類,手持式,Trimmer,葉,18V,6Ah,4.4,191,56660
,https://www.amazon.co.jp/dp/B06ZYT86QY,https://m.media-amazon.com/images/I/41MZ9dooBZL._AC_CR0%2C0%2C0%2C0_SX352_SY330_.jpg,Makita 木篱修剪器 充电式18V+18V 切割宽度550mm/切割直径18mm 6Ah电池2个・附带充电器 MUH551DPG2,MUH551DPG2,園林類,手持式,Trimmer,葉,18V,6Ah,4.4,191,77800
,https://www.amazon.co.jp/dp/B0713TKHL8,https://m.media-amazon.com/images/I/61CZsC2I-vL._AC_CR0%2C0%2C0%2C0_SX352_SY330_.jpg,Makita 木篱修剪器 充电式18V 切割宽度600mm/切割直径18mm 6Ah电池・充电器 MUH600DRG,MUH600DRG,園林類,手持式,Trimmer,葉,18V,6Ah,4.4,191,59721
,https://www.amazon.co.jp/dp/B08XK5KHFG,https://m.media-amazon.com/images/I/717+vEWAD3L._AC_CR0%2C0%2C0%2C0_SX352_SY330_.jpg,Makita 充电式拆分割草机 18V6Ah 附带割草机配件、电池、充电器、工具袋 MUX18DRGM,MUX18DRGM,園林類,手持式,Lawn mower,草,18V,6Ah,4.2,180,53800
,https://www.amazon.co.jp/dp/B085SDH9X9,https://m.media-amazon.com/images/I/71Lh0qc3LJL._AC_CR0%2C0%2C0%2C0_SX352_SY330_.jpg,"Makita 牧田 充电式割草机18V+18V 带割草宽度255毫米锯片,环形手柄 6Ah电池2个,带充电器,MUR369LDG2",MUR369LDG2,園林類,手持式,Lawn mower,草,18V,6Ah,4.2,175,78800
,https://www.amazon.co.jp/dp/B085SDR7HL,https://m.media-amazon.com/images/I/718FABEAz1L._AC_CR0%2C0%2C0%2C0_SX352_SY330_.jpg,Makita 牧田 充电式割草机18V+18V 附带割草宽度255毫米锯片锯片 U型手柄 6Ah电池2个・带充电器 MUR369UDG2,MUR369UDG2,園林類,手持式,Lawn mower,草,18V,6Ah,4.2,175,78800
,https://www.amazon.co.jp/dp/B085SDH9XP,https://m.media-amazon.com/images/I/715IbscWNLL._AC_CR0%2C0%2C0%2C0_SX352_SY330_.jpg,"Makita 牧田 充电式割草机18V+18V 附带割草宽度255毫米锯片,2把6Ah电池2个,带充电器,MUR369WDG2",MUR369WDG2,園林類,手持式,Lawn mower,草,18V,6Ah,4.2,175,78800
,https://www.amazon.co.jp/dp/B06ZZDLBG6,https://m.media-amazon.com/images/I/51p14RHOl4L._AC_CR0%2C0%2C0%2C0_SX352_SY330_.jpg,Makita 充电式拆分割草机 18V+18V→36V 6.0Ah 附带2节电池・充电器 MUX60DPG2M,MUX60DPG2M,園林類,手持式,Lawn mower,草,18V,6.0Ah,4.1,159,90800
,https://www.amazon.co.jp/dp/B083331THJ,https://m.media-amazon.com/images/I/71lrHCmhe9L._AC_CR0%2C0%2C0%2C0_SX352_SY330_.jpg,Makita 充电式鼓风机(带真空套件) MUB363DG2V,MUB363DG2V,園林類,手持式,Leaf blower,葉,2V,-,3.7,158,72209
,https://www.amazon.co.jp/dp/B08R7CFSHX,https://m.media-amazon.com/images/I/71RIDVaV-rL._AC_CR0%2C0%2C0%2C0_SX352_SY330_.jpg,Makita 充电式鼓风机 10.8V1.5Ah 附带电池・充电器 UB100DSH,UB100DSH,園林類,手持式,Leaf Blower,葉,10.8V,1.5Ah,4.2,157,15998
,https://www.amazon.co.jp/dp/B08XK6CHQF,https://m.media-amazon.com/images/I/71LxBH4kn7L._AC_CR0%2C0%2C0%2C0_SX352_SY330_.jpg,Makita 充电式拆分割草机 40Vmax4Ah 附带割草机配件、电池、充电器和工具袋 MUX01GRMM,MUX01GRMM,園林類,手持式,Lawn mower,草,40V,4Ah,4.2,154,72500
,https://www.amazon.co.jp/dp/B01M3Z2N7M,https://m.media-amazon.com/images/I/61iHF1glFuL._AC_CR0%2C0%2C0%2C0_SX352_SY330_.jpg,Makita 牧田 充电式电锯 导向杆250毫米 蓝色 18V+18V 6Ah电池2个・带充电器 MUC252DPG2,MUC252DPG2,園林類,手持式,電鋸,木頭,18V,6Ah,4.2,94,96800
,https://www.amazon.co.jp/dp/B0873DGL2R,https://m.media-amazon.com/images/I/71lY9O+l8eL._AC_CR0%2C0%2C0%2C0_SX352_SY330_.jpg,Makita 牧田 修剪宽度 600 毫米充电式绿篱修剪机 18V6Ah 附带2个电池・充电器 MUH603SDGX,MUH603SDGX,園林類,手持式,Trimmer,葉,18V,6Ah,4.1,80,70300
,https://www.amazon.co.jp/dp/B086R7GVXG,https://m.media-amazon.com/images/I/71Q+wE8xB-L._AC_CR0%2C0%2C0%2C0_SX352_SY330_.jpg,Makita 牧田 修剪宽度 400 毫米充电式树篱修剪器 18V6Ah 附电池/充电器 MUH405DRG,MUH405DRG,園林類,手持式,Trimmer,葉,18V,6Ah,3.9,75,54358
,https://www.amazon.co.jp/dp/B07TDKF4N1,https://m.media-amazon.com/images/I/71u3iEUbdGL._AC_CR0%2C0%2C0%2C0_SX352_SY330_.jpg,Makita 牧田 充电式电锯 导向杆250毫米 红色 18V 6Ah电池2个・带充电器 MUC254DGNR,MUC254DGNR,園林類,手持式,電鋸,木頭,18V,6Ah,4.5,73,60800
,https://www.amazon.co.jp/dp/B097R5HDRG,https://m.media-amazon.com/images/I/61x0HT8SKrS._AC_CR0%2C0%2C0%2C0_SX352_SY330_.jpg,Makita 充电式割草机 40Vmax 4Ah 带电池/充电器 MUR001GRM,MUR001GRM,園林類,手持式,Lawn mower,草,40V,4Ah,4.1,61,65800
,https://www.amazon.co.jp/dp/B097R5BXRQ,https://m.media-amazon.com/images/I/41b6schBFGL._AC_CR0%2C0%2C0%2C0_SX352_SY330_.jpg,Makita 充电式鼓风机 40Vmax 2.5Ah 附带2个电池・充电器 MUB001GRDX,MUB001GRDX,園林類,手持式,Leaf blower,葉,40V,2.5Ah,4.6,49,61918
,https://www.amazon.co.jp/dp/B09WV96SCG,https://m.media-amazon.com/images/I/61d-zlaKORL._AC_CR0%2C0%2C0%2C0_SX352_SY330_.jpg,Makita (Makita) 400毫米 充电式修篱修剪器 18V3Ah 附电池/充电器 MUH407DSF 蓝色,MUH407DSF,園林類,手持式,Trimmer,葉,18V,3Ah,4.4,49,32000
,https://www.amazon.co.jp/dp/B07PTGX4JJ,https://m.media-amazon.com/images/I/81YcIZxhAnL._AC_CR0%2C0%2C0%2C0_SX352_SY330_.jpg,Makita 牧田 无线电动割草机18V+18V 割草宽度460mm/高度20-75mm 电池充电器另售 MLM460DZ,MLM460DZ,園林類,手推式,Lawn mower,草,18V,-,4.1,42,89334
,https://www.amazon.co.jp/dp/B097R63V8H,https://m.media-amazon.com/images/I/61ZJP37Z4rS._AC_CR0%2C0%2C0%2C0_SX352_SY330_.jpg,Makita 充电式割草机 40Vmax 4Ah 带电池/充电器 MUR005GRM,MUR005GRM,園林類,手持式,Lawn mower,草,40V,4Ah,3.7,36,72270
,https://www.amazon.co.jp/dp/B01M04B5AN,https://m.media-amazon.com/images/I/61HlL-YcSNL._AC_CR0%2C0%2C0%2C0_SX352_SY330_.jpg,Makita 36V 充电式栓固定剪刀 (带电池/充电器) UP361DPG2,UP361DPG2,園林類,手持式,Rebar tying,樹枝,36V,-,3.9,35,192101
,https://www.amazon.co.jp/dp/B09DYKPZZQ,https://m.media-amazon.com/images/I/61wheAZCeGL._AC_CR0%2C0%2C0%2C0_SX352_SY330_.jpg,Makita 充电式喷雾器 肩挂式 5L水箱 10.8V1.5Ah 带电池/充电器 MUS053DWH,MUS053DWH,園林類,背負式,Garden Sprayer,水,10.8V,1.5Ah,4.2,34,23407
,https://www.amazon.co.jp/dp/B09Y81TNFS,https://m.media-amazon.com/images/I/711o2ABAx5L._AC_CR0%2C0%2C0%2C0_SX352_SY330_.jpg,Makita 牧田(Makita) 250毫米充电式电锯 40Vmax2.5Ah 附带2节电池・充电器 MUC002GRDX 蓝色,MUC002GRDX,園林類,手持式,電鋸,木頭,40V,2.5Ah,3.8,29,86393
,https://www.amazon.co.jp/dp/B09TT4F2CZ,https://m.media-amazon.com/images/I/61PhvFQHGwL._AC_CR0%2C0%2C0%2C0_SX352_SY330_.jpg,Makita 充电式割草机 80Vmax 电池・充电器另售 MUR012GZ 蓝色,MUR012GZ,園林類,手持式,Lawn mower,草,80V,-,4.5,26,83400
,https://www.amazon.co.jp/dp/B088P2ZQ8X,https://m.media-amazon.com/images/I/71A4-7SSHfL._AC_CR0%2C0%2C0%2C0_SX352_SY330_.jpg,Makita 充电式鼓风机 14.4V 3Ah 附带电池・充电器 UB144DRF,UB144DRF,園林類,手持式,Leaf Blower,葉,14.4V,3Ah,3.8,26,28351
,https://www.amazon.co.jp/dp/B088P481LB,https://m.media-amazon.com/images/I/71nZoeQMGfL._AC_CR0%2C0%2C0%2C0_SX352_SY330_.jpg,Makita 充电式割草机 割草机 割草宽度 460mm 36V 电池/充电器另售 MLM462DZ,MLM462DZ,園林類,手推式,Lawn mower,草,36V,-,3.6,25,118467
,https://www.amazon.co.jp/dp/B088P5PL22,https://m.media-amazon.com/images/I/81EEazT3f8L._AC_CR0%2C0%2C0%2C0_SX352_SY330_.jpg,Makita 充电式割草机 割草机 割草宽度 534mm 36V 电池/充电器另售 MLM532DZ,MLM532DZ,園林類,手推式,Lawn mower,草,36V,-,3.6,25,142000
,https://www.amazon.co.jp/dp/B09WVC3DK7,https://m.media-amazon.com/images/I/61QUiBD6XgL._AC_CR0%2C0%2C0%2C0_SX352_SY330_.jpg,Makita 牧田 360毫米 充电式修篱修剪器 18V3Ah 附电池/充电器 MUH367DSF 蓝色,MUH367DSF,園林類,手持式,Trimmer,葉,18V,3Ah,4,25,30240
,https://www.amazon.co.jp/dp/B08XKB4NNQ,https://m.media-amazon.com/images/I/71otvETh4sL._AC_CR0%2C0%2C0%2C0_SX352_SY330_.jpg,Makita 牧田 750mm 充电式绿篱修剪机 18V6Ah 附带2节电池・充电器 MUH753SDGX,MUH753SDGX,園林類,手持式,Trimmer,葉,18V,6Ah,4.8,21,73000
,https://www.amazon.co.jp/dp/B095C3265G,https://m.media-amazon.com/images/I/51-G0fMSWZS._AC_CR0%2C0%2C0%2C0_SX352_SY330_.jpg,Makita 牧田 250mm 充电式高枝电锯 36V 电池/充电器另售 MUA251DZ,MUA251DZ,園林類,手持式,Pole saw,樹枝,36V,-,3.6,20,74295
,https://www.amazon.co.jp/dp/B0B3DJL95V,https://m.media-amazon.com/images/I/71XEjaLyIRL._AC_CR0%2C0%2C0%2C0_SX352_SY330_.jpg,Makita 牧田 430mm 充电式割草机 36V 电池2个・带充电器 MLM432DPG2 蓝色,MLM432DPG2,園林類,手推式,Lawn mower,草,36V,-,4.3,19,72152
,https://www.amazon.co.jp/dp/B097D9MQRR,https://m.media-amazon.com/images/I/51l6pDstkuS._AC_CR0%2C0%2C0%2C0_SX352_SY330_.jpg,Makita 牧田 300毫米 充电式杆理发器 10.8V 1.5Ah 附带电池・充电器 MUN300LDWH,MUN300LDWH,園林類,手持式,Trimmer,葉,10.8V,1.5Ah,3.8,19,28662
,https://www.amazon.co.jp/dp/B097R4JX1D,https://m.media-amazon.com/images/I/61bGOPFxjkS._AC_CR0%2C0%2C0%2C0_SX352_SY330_.jpg,Makita 充电式割草机 40Vmax 4Ah 带电池/充电器 MUR007GRM,MUR007GRM,園林類,手持式,Lawn mower,草,40V,4Ah,4.2,18,71528
,https://www.amazon.co.jp/dp/B09WV81WP7,https://m.media-amazon.com/images/I/61BUlaPj1TL._AC_CR0%2C0%2C0%2C0_SX352_SY330_.jpg,Makita 牧田 300毫米 充电式修篱修剪器 18V3Ah 附电池/充电器 MUH307DSF 蓝色,None,園林類,手持式,Trimmer,葉,18V,3Ah,4.2,18,32800
,https://www.amazon.co.jp/dp/B072HJVJ8V,https://m.media-amazon.com/images/I/61AD1f9YCAL._AC_CR0%2C0%2C0%2C0_SX352_SY330_.jpg,Makita 牧田 充电式电锯 导向杆 250毫米 红色 18V 6Ah电池2个・带充电器 MUC254DGXR,MUC254DGXR,園林類,手持式,電鋸,木頭,18V,6Ah,3.6,16,55800
,https://www.amazon.co.jp/dp/B09WV9NX3Z,https://m.media-amazon.com/images/I/61lnK42SDFL._AC_CR0%2C0%2C0%2C0_SX352_SY330_.jpg,Makita 牧田(Makita) 350毫米充电式修篱修剪器 10.8V 1.5Ah 附电池/充电器 MUH354DWH 绿色,MUH354DWH,園林類,手持式,Trimmer,葉,10.8V,1.5Ah,4.4,14,19265
,https://www.amazon.co.jp/dp/B07TGMLYFJ,https://m.media-amazon.com/images/I/719fN4wBPYL._AC_CR0%2C0%2C0%2C0_SX352_SY330_.jpg,Makita 牧田 充电式电锯 导向杆200毫米 红色 18V 6Ah电池2个・带充电器 MUC204DGNR,MUC204DGNR,園林類,手持式,電鋸,木頭,18V,6Ah,4.8,13,55800
,https://www.amazon.co.jp/dp/B0B3DKSK6K,https://m.media-amazon.com/images/I/71zcP3aJSwL._AC_CR0%2C0%2C0%2C0_SX352_SY330_.jpg,Makita 牧田 380mm 充电式割草机 36V 电池2个・带充电器 MLM382DPG2 蓝色,MLM382DPG2,園林類,手推式,Lawn mower,草,36V,-,4.5,12,69790
,https://www.amazon.co.jp/dp/B071DRR2K2,https://m.media-amazon.com/images/I/61b7IBHOajL._AC_CR0%2C0%2C0%2C0_SX352_SY330_.jpg,Makita 牧田 充电式电锯 导向杆 200毫米 红色 18V 6Ah电池2个・带充电器 MUC204DGXR,MUC204DGXR,園林類,手持式,電鋸,木頭,18V,6Ah,4.4,12,58200
,https://www.amazon.co.jp/dp/B097R54KMT,https://m.media-amazon.com/images/I/61s599eSO1S._AC_CR0%2C0%2C0%2C0_SX352_SY330_.jpg,Makita 充电式割草机 40Vmax 4Ah 带电池/充电器 MUR002GRM,MUR002GRM,園林類,手持式,Lawn mower,草,40V,4Ah,4.8,11,66000
,https://www.amazon.co.jp/dp/B088P4RC84,https://m.media-amazon.com/images/I/71-kDEMRvDL._AC_CR0%2C0%2C0%2C0_SX352_SY330_.jpg,Makita 充电式割草机 割草机 割草宽度 534mm 36V 电池/充电器另售 MLM533DZ,MLM533DZ,園林類,手推式,Lawn mower,草,36V,-,3.2,10,152000
,https://www.amazon.co.jp/dp/B0725829GQ,https://m.media-amazon.com/images/I/619gxgqQk-L._AC_CR0%2C0%2C0%2C0_SX352_SY330_.jpg,Makita 牧田 充电式电锯 导向杆250毫米 红色 18V 6Ah电池2个・带充电器 MUC254CDGR,MUC254CDGR,園林類,手持式,電鋸,木頭,18V,6Ah,3.6,10,63657
,https://www.amazon.co.jp/dp/B097R5Z3HT,https://m.media-amazon.com/images/I/61NyIocuTPS._AC_CR0%2C0%2C0%2C0_SX352_SY330_.jpg,Makita 充电式割草机 40Vmax 4Ah 带电池/充电器 MUR003GRM,MUR003GRM,園林類,手持式,Lawn mower,草,40V,4Ah,4.2,8,66000
,https://www.amazon.co.jp/dp/B08R3LR2SM,https://m.media-amazon.com/images/I/71TDI4orD2L._AC_CR0%2C0%2C0%2C0_SX352_SY330_.jpg,Makita 牧田(Makita) 150毫米充电式电锯 18V6Ah 附带2节电池・充电器 MUC154DGNR(红色),MUC154DGNR,園林類,手持式,電鋸,木頭,18V,6Ah,3.1,8,57780
,https://www.amazon.co.jp/dp/B07W1J67WS,https://m.media-amazon.com/images/I/51p7TfnohOL._AC_CR0%2C0%2C0%2C0_SX352_SY330_.jpg,Makita 充电式栓固定剪刀 18V6Ah 附带2节电池、充电器、工具袋 UP362DPG2,UP362DPG2,園林類,手持式,Rebar tying,樹枝,18V,6Ah,4.8,7,182605
,https://www.amazon.co.jp/dp/B071HC9YGW,https://m.media-amazon.com/images/I/61azF-5SLlL._AC_CR0%2C0%2C0%2C0_SX352_SY330_.jpg,Makita 牧田 充电式电锯 导向杆200毫米 红色 18V 6Ah电池2个・带充电器 MUC204CDGR,MUC204CDGR,園林類,手持式,電鋸,木頭,18V,6Ah,4.3,7,63230
,https://www.amazon.co.jp/dp/B081NJDYZT,https://m.media-amazon.com/images/I/71R2nx1T2QL._AC_CR0%2C0%2C0%2C0_SX352_SY330_.jpg,Makita 牧田 250毫米 充电式链锯(红色) MUC254HDGR,MUC254HDGR,園林類,手持式,電鋸,木頭,-,-,5,6,65300
,https://www.amazon.co.jp/dp/B097D91YQ6,https://m.media-amazon.com/images/I/61UzXrdva3S._AC_CR0%2C0%2C0%2C0_SX352_SY330_.jpg,Makita 牧田 400毫米 充电式绿篱修剪机 40Vmax 2.5Ah 附带2节电池・充电器 MUH001GRDX,MUH001GRDX,園林類,手持式,Trimmer,葉,40V,2.5Ah,3.3,5,76527
,https://www.amazon.co.jp/dp/B097D81CFC,https://m.media-amazon.com/images/I/61ICQlN3EzS._AC_CR0%2C0%2C0%2C0_SX352_SY330_.jpg,Makita 牧田 500毫米 充电式绿篱修剪机 40Vmax 2.5Ah 附带2节电池・充电器 MUH002GRDX,MUH002GRDX,園林類,手持式,Trimmer,葉,40V,2.5Ah,4.4,5,80487
,https://www.amazon.co.jp/dp/B081NHVL92,https://m.media-amazon.com/images/I/71CjPBeKVBL._AC_CR0%2C0%2C0%2C0_SX352_SY330_.jpg,Makita 牧田 200毫米 充电式链锯(红色) MUC204HDGR,MUC204HDGR,園林類,手持式,電鋸,木頭,-,-,4.2,4,63300
,https://www.amazon.co.jp/dp/B097D9YMFQ,https://m.media-amazon.com/images/I/61giGZRnT4S._AC_CR0%2C0%2C0%2C0_SX352_SY330_.jpg,Makita 牧田 600毫米 充电式绿篱修剪机 40Vmax 2.5Ah 附带2节电池・充电器 MUH003GRDX,MUH003GRDX,園林類,手持式,Trimmer,葉,40V,2.5Ah,4.1,4,80872
,https://www.amazon.co.jp/dp/B0873C8BNC,https://m.media-amazon.com/images/I/71ZFnoZIDjL._AC_CR0%2C0%2C0%2C0_SX352_SY330_.jpg,Makita 牧田 修剪宽度 500 毫米充电式绿篱修剪机 18V6Ah 附带2个电池・充电器 MUH503SDGX,MUH503SDGX,園林類,手持式,Trimmer,葉,18V,6Ah,4,4,67300
,https://www.amazon.co.jp/dp/B085SDT821,https://m.media-amazon.com/images/I/61kUNIYF0eL._AC_CR0%2C0%2C0%2C0_SX352_SY330_.jpg,Makita 255mm充电式割草机 18V 电池・充电器・便携式电源单元另售 MUR201CZ,MUR201CZ,園林類,手持式,Lawn mower,草,18V,-,3.9,3,54308
,https://www.amazon.co.jp/dp/B09TT8TLXF,https://m.media-amazon.com/images/I/61m1g7YlTJL._AC_CR0%2C0%2C0%2C0_SX352_SY330_.jpg,Makita 牧田 40Vmax 充电式绿篱修剪机 850毫米 带充电器 (MUH012GRDX) 蓝色,MUH012GRDX,園林類,手持式,Trimmer,葉,40V,-,5,3,84900
,https://www.amazon.co.jp/dp/B083326V9C,https://m.media-amazon.com/images/I/710PeiON-xL._AC_CR0%2C0%2C0%2C0_SX352_SY330_.jpg,Makita 充电式鼓风机 MUB363DPG2,MUB363DPG2,園林類,手持式,Leaf blower,葉,-,-,3,1,62922
,https://www.amazon.co.jp/dp/B097R5DPP2,https://m.media-amazon.com/images/I/611TEgTGPZS._AC_CR0%2C0%2C0%2C0_SX352_SY330_.jpg,Makita 充电式割草机 40Vmax 4Ah 带电池/充电器 MUR009GRM,MUR009GRM,園林類,手持式,Lawn mower,草,40V,4Ah,1,1,72270
,https://www.amazon.co.jp/dp/B097R5BYRY,https://m.media-amazon.com/images/I/6132+WECoqS._AC_CR0%2C0%2C0%2C0_SX352_SY330_.jpg,Makita 充电式割草机 40Vmax 4Ah 带电池/充电器 MUR004GRM,MUR004GRM,園林類,手持式,Lawn mower,草,40V,4Ah,,,66000
,https://www.amazon.co.jp/dp/B095C4JCJW,https://m.media-amazon.com/images/I/91-VIf2eReS._AC_CR0%2C0%2C0%2C0_SX480_SY360_.jpg,Makita 充电式鼓风机 连接器连接专用 充电器、便携式电源单元另售 MUB001CZ,MUB001CZ,園林類,手持式,Leaf Blower,葉,-,-,,,37998
,https://www.amazon.co.jp/dp/B09TT9QYQX,https://m.media-amazon.com/images/I/61JEgkGWckL._AC_CR0%2C0%2C0%2C0_SX352_SY330_.jpg,Makita 牧田 40Vmax 充电式绿篱修剪机 500毫米 带充电器 (MUH010GRDX) 蓝色,MUH010GRDX,園林類,手持式,Trimmer,葉,40V,-,,,74300
,https://www.amazon.co.jp/dp/B09TTC93CP,https://m.media-amazon.com/images/I/61Vrs+b+GKL._AC_CR0%2C0%2C0%2C0_SX352_SY330_.jpg,Makita 牧田 40Vmax 充电式绿篱修剪机 600mm 电池 带充电器 (MUH011GRDX) 蓝色,MUH011GRDX,園林類,手持式,Trimmer,葉,40V,-,,,77300
,https://www.amazon.co.jp/dp/B019WI5XXO,https://m.media-amazon.com/images/I/513Qd0ngmvL._AC_CR0%2C0%2C0%2C0_SX352_SY330_.jpg,牧田 MAKITA USB适配器 ADP05 电池另售,ADP05,電池類,,USB擴充器,,-,-,4.4,12986,3682
,https://www.amazon.co.jp/dp/B017AQXH42,https://m.media-amazon.com/images/I/61kkFkKa+7L._AC_CR0%2C0%2C0%2C0_SX352_SY330_.jpg,Makita 牧田 充电器 DC10SA 10.8V 适用 1.5Ah充满电22分钟,DC10SA,電池類,,Charger,,10.8V,-,4.4,5270,6300
,https://www.amazon.co.jp/dp/B003DTBI4M,https://m.media-amazon.com/images/I/51PD5NQUw3L._AC_CR0%2C0%2C0%2C0_SX352_SY330_.jpg,牧田 MAKITA 充电器DC18SD 直流7.2-18V DC18SD,DC18SD,電池類,,Charger,,18V,-,4.4,5270,7080
,https://www.amazon.co.jp/dp/B00CUSS052,https://m.media-amazon.com/images/I/51B0dCd5NiL._AC_CR0%2C0%2C0%2C0_SX352_SY330_.jpg,Makita 牧田 4口充电器 DC18SF 18V/14.4V 对应 6Ah全充电 2个同时130分钟・4个同时260分钟,DC18SF,電池類,,Charger,,18V,-,4.4,5270,22835
,https://www.amazon.co.jp/dp/B07XRTVVLR,https://m.media-amazon.com/images/I/81nya7o+XoL._AC_CR0%2C0%2C0%2C0_SX352_SY330_.jpg,Makita 牧田 2口充电器 DC18SH 18V/14.4V 对应 6Ah×2个同时充满电130分钟,DC18SH,電池類,,Charger,,18V,-,4.4,5270,10944
,https://www.amazon.co.jp/dp/B0816M5HKP,https://m.media-amazon.com/images/I/81dJMwhN5GL._AC_CR0%2C0%2C0%2C0_SX352_SY330_.jpg,Makita 牧田 充电器 DC40RA 40Vmax用,DC40RA,電池類,,Charger,,40V,-,4.4,5270,13980
,https://www.amazon.co.jp/dp/B001UGMC9U,https://m.media-amazon.com/images/I/51ySsT+DTpL._AC_CR0%2C0%2C0%2C0_SX352_SY330_.jpg,Makita 牧田 车载充电器 DC18SE 18V/14.4V 适用 6Ah充满电130分钟 点烟器插座 供电,None,電池類,,Charger,,18V,-,4.4,5270,11311
,https://www.amazon.co.jp/dp/B0194NE1A8,https://m.media-amazon.com/images/I/61WwnZQcNcL._AC_CR0%2C0%2C0%2C0_SX352_SY330_.jpg,Makita 牧田 锂离子电池 BL1860B 18V 6.0Ah A-60464,A-60464,電池類,,電池,,18V,6.0Ah,4.3,3550,15480
,https://www.amazon.co.jp/dp/B0025XCL84,https://m.media-amazon.com/images/I/51yGcNu1CRL._AC_CR0%2C0%2C0%2C0_SX352_SY330_.jpg,Makita 牧田 充电器 DC10WA 直流7.2V - 10.8V DC10WA,DC10WA,電池類,,Charger,,7.2V,-,4.4,1257,4740
,https://www.amazon.co.jp/dp/B01G3BGL8E,https://m.media-amazon.com/images/I/41pKdLtfQUL._AC_CR0%2C0%2C0%2C0_SX352_SY330_.jpg,Makita 牧田 USB电源适配器10.8V滑动式电池用 ADP06,ADP06,電池類,,USB擴充器,,10.8V,-,4.2,1036,3089
,https://www.amazon.co.jp/dp/B074DXK51N,https://m.media-amazon.com/images/I/61Sr8d7A18L._AC_CR0%2C0%2C0%2C0_SX352_SY330_.jpg,Makita 牧田 USB用适配器 ADP08,ADP08,電池類,,USB擴充器,,-,-,4.2,1036,3957
,https://www.amazon.co.jp/dp/B01BW74OL0,https://m.media-amazon.com/images/I/913S+9XYTcL._AC_CR0%2C0%2C0%2C0_SX352_SY330_.jpg,Makita 牧田 锂离子电池 BL1830B 18V 3.0Ah A-60442,A-60442,電池類,,電池,,18V,3.0Ah,4.3,676,12240
,https://www.amazon.co.jp/dp/B017AQY6NS,https://m.media-amazon.com/images/I/71Tg0DSY2yL._AC_CR0%2C0%2C0%2C0_SX352_SY330_.jpg,Makita 牧田 锂离子电池 BL1040B 10.8V 4.0Ah A-59863,A-59863,電池類,,電池,,10.8V,4.0Ah,4.4,453,10900
,https://www.amazon.co.jp/dp/B07SHCKB7J,https://m.media-amazon.com/images/I/71bbF+AQPDL._AC_CR0%2C0%2C0%2C0_SX352_SY330_.jpg,牧田 充电式风扇夹克 专用电池 BL07150B A-68507 7.6V15Ah,A-68507,電池類,,風扇電池,,7.6V,15Ah,4,385,25900
,https://www.amazon.co.jp/dp/B01BW74OYW,https://m.media-amazon.com/images/I/71+mD8BsI5L._AC_CR0%2C0%2C0%2C0_SX352_SY330_.jpg,Makita 牧田 锂离子电池 BL1460B 14.4V 6.0Ah A-60660,A-60660,電池類,,電池,,14.4V,6.0Ah,4.4,374,16800
,https://www.amazon.co.jp/dp/B01L1HLX4C,https://m.media-amazon.com/images/I/71U4WDEXBeL._AC_CR0%2C0%2C0%2C0_SX352_SY330_.jpg,Makita 牧田 7.2V充电器 DC-07SB JPADC07SB,JPADC07SB,電池類,,Charger,,7.2V,-,4.4,297,6500
,https://www.amazon.co.jp/dp/B07ZHTSXYN,https://m.media-amazon.com/images/I/81L3gDaMdIL._AC_CR0%2C0%2C0%2C0_SX352_SY330_.jpg,Makita 牧田 兼容适配器 ADP10 A-69967,A-69967,電池類,,適配器,,-,-,4.1,249,4729
,https://www.amazon.co.jp/dp/B06XSC79NB,https://m.media-amazon.com/images/I/71-BYzkv0rL._AC_CR0%2C0%2C0%2C0_SX352_SY330_.jpg,Makita 电池适配器BAP18 A-65165,A-65165,電池類,,適配器,,-,-,4.1,245,5200
,https://www.amazon.co.jp/dp/B000UZPJJW,https://m.media-amazon.com/images/I/518DKaBumlL._AC_CR0%2C0%2C0%2C0_SX352_SY330_.jpg,Makita 牧田 锂离子电池 BL7010 7.2V 1.0Ah A-47494,A-47494,電池類,,電池,,7.2V,1.0Ah,4.1,211,9900
,https://www.amazon.co.jp/dp/B01BSLPS24,https://m.media-amazon.com/images/I/61mIIC+XSJL._AC_CR0%2C0%2C0%2C0_SX352_SY330_.jpg,Makita (Makita 牧田)电池专用充电器 DC18SG,None,電池類,,Charger,,-,-,3.8,137,5300
,https://www.amazon.co.jp/dp/B09695B3JK,https://m.media-amazon.com/images/I/51HejCT-0gS._AC_CR0%2C0%2C0%2C0_SX352_SY330_.jpg,Makita 充电式风扇夹克/加热系列用电池 BL1055B A-72126 5V 16.5Ah,A-72126,電池類,,風扇電池,,5V,16.5Ah,3.8,127,8980
,https://www.amazon.co.jp/dp/B0816M3CK5,https://m.media-amazon.com/images/I/71yCnzAZ1rL._AC_CR0%2C0%2C0%2C0_SX352_SY330_.jpg,Makita 牧田 锂离子电池 BL4040 36V(40Vmax) 4.0Ah A-69939,A-69939,電池類,,電池,,36V,4.0Ah,4.4,98,21500
,https://www.amazon.co.jp/dp/B071W2WN4P,https://m.media-amazon.com/images/I/61zW5yVB4NL._AC_CR0%2C0%2C0%2C0_SX352_SY330_.jpg,Makita 动力源套件 A-61226,A-61226,電池類,,電池套件,,-,-,4.3,94,54727
,https://www.amazon.co.jp/dp/B0816LNV15,https://m.media-amazon.com/images/I/71SnbBWm7CL._AC_CR0%2C0%2C0%2C0_SX352_SY330_.jpg,Makita 牧田 锂离子电池 BL4025 36V(40Vmax) 2.5Ah A-69923,A-69923,電池類,,電池,,36V,2.5Ah,4.2,83,19030
,https://www.amazon.co.jp/dp/B09DY5YYH4,https://m.media-amazon.com/images/I/71A-k954PAL._AC_CR0%2C0%2C0%2C0_SX352_SY330_.jpg,Makita 电池适配器BAP18E A-72067,A-72067,電池類,,適配器,,-,-,3.9,76,5719
,https://www.amazon.co.jp/dp/B01CC7HO84,https://m.media-amazon.com/images/I/71hY40hvFjL._AC_CR0%2C0%2C0%2C0_SX352_SY330_.jpg,Makita 牧田 锂离子电池 BL1415N 14.4V 1.5Ah A-58235,A-58235,電池類,,電池,,14.4V,1.5Ah,4.3,55,11000
,https://www.amazon.co.jp/dp/B09X5DH892,https://m.media-amazon.com/images/I/51V6YpYLNWL._AC_CR0%2C0%2C0%2C0_SX352_SY330_.jpg,Makita 动力源套件 XGT6 A-72039,A-72039,電池類,,電池套件,,-,-,4.3,49,80800
,https://www.amazon.co.jp/dp/B081CVWRR3,https://m.media-amazon.com/images/I/81eiXS2lLAL._AC_CR0%2C0%2C0%2C0_SX352_SY330_.jpg,Makita 动力学 XGT1 A-69727,None,電池類,,電池套件,,-,-,4.2,41,48864
,https://www.amazon.co.jp/dp/B09TT3YP3Q,https://m.media-amazon.com/images/I/61V1zcK8HML._AC_CR0%2C0%2C0%2C0_SX352_SY330_.jpg,Makita 牧田 2口快速充电器 JPADC40RB,JPADC40RB,電池類,,Charger,,-,-,3.9,33,29600
,https://www.amazon.co.jp/dp/B001U3XCDI,https://m.media-amazon.com/images/I/81U+h0kHTCL._AC_CR0%2C0%2C0%2C0_SX352_SY330_.jpg,Makita 牧田 兼容适配器 ADP04 A-40565,A-40565,電池類,,Charger,,-,-,3.4,26,5197
,https://www.amazon.co.jp/dp/B081SZ4PDN,https://m.media-amazon.com/images/I/811BwssIHXL._AC_CR0%2C0%2C0%2C0_SX352_SY330_.jpg,Makita 动力源套件 SH1 A-68317,A-68317,電池類,,電池套件,,-,-,4.2,22,55500
,https://www.amazon.co.jp/dp/B081DJ3C6C,https://m.media-amazon.com/images/I/71iUPvL3cvL._AC_CR0%2C0%2C0%2C0_SX352_SY330_.jpg,Makita 电池适配器BAP18C A-69870,A-69870,電池類,,適配器,,-,-,4.1,21,7200
,https://www.amazon.co.jp/dp/B09X5CXKVK,https://m.media-amazon.com/images/I/51QYg3aRnKL._AC_CR0%2C0%2C0%2C0_SX352_SY330_.jpg,Makita 动力源套件 XGT3 A-71978,A-71978,電池類,,電池套件,,-,-,4,19,72978
,https://www.amazon.co.jp/dp/B0050A9V4G,https://m.media-amazon.com/images/I/617-aVhXI9L._AC_CR0%2C0%2C0%2C0_SX352_SY330_.jpg,Makita 镍电池 7120 7.2V 1.3Ah A-30265,A-30265,電池類,,電池,,7.2V,1.3Ah,4.2,14,8665
,https://www.amazon.co.jp/dp/B000256RBY,https://m.media-amazon.com/images/I/51j2BPFzyvL._AC_CR0%2C0%2C0%2C0_SX352_SY330_.jpg,Makita 牧田 插入式镍氢电池 1435 14.4V 3.0Ah A-31625,A-31625,電池類,,電池,,14.4V,3.0Ah,4.6,14,15127
,https://www.amazon.co.jp/dp/B000056OXK,https://m.media-amazon.com/images/I/61aXAflVT6L._AC_CR0%2C0%2C0%2C0_SX352_SY330_.jpg,Makita 镍电池 9122 9.6V 2.0Ah A-25432,A-25432,電池類,,電池,,9.6V,2.0Ah,4,11,12980
,https://www.amazon.co.jp/dp/B000256RBE,https://m.media-amazon.com/images/I/51mygb1hRKL._AC_CR0%2C0%2C0%2C0_SX352_SY330_.jpg,Makita 牧田 插入式镍氢电池 9135 9.6V 3.0Ah A-31603,A-31603,電池類,,電池,,9.6V,3.0Ah,3.2,8,11969
,https://www.amazon.co.jp/dp/B07TP5QM2D,https://m.media-amazon.com/images/I/71DCd7nKyaL._AC_CR0%2C0%2C0%2C0_SX352_SY330_.jpg,Makita 牧田 18V ×2用适配器 A-69076,A-69076,電池類,,適配器,,18V,-,4,7,17754
,https://www.amazon.co.jp/dp/B07JPFV5WS,https://m.media-amazon.com/images/I/61Kn6D4xEIL._AC_CR0%2C0%2C0%2C0_SX352_SY330_.jpg,Makita 动力源套件 2 A-67094,A-67094,電池類,,電池套件,,-,-,4.8,6,77000
,https://www.amazon.co.jp/dp/B07TKWRH4C,https://m.media-amazon.com/images/I/61XTOhGPk6L._AC_CR0%2C0%2C0%2C0_SX352_SY330_.jpg,Makita 牧田 18V 适配器 A-69082,A-69082,電池類,,適配器,,18V,-,4.6,6,13377
,https://www.amazon.co.jp/dp/B07SW1YL25,https://m.media-amazon.com/images/I/71EhFszbMYL._AC_CR0%2C0%2C0%2C0_SX352_SY330_.jpg,Makita 电池适配器 A-62088,A-62088,電池類,,適配器,,-,-,4.3,4,19872
,https://www.amazon.co.jp/dp/B08XZ3RQW2,https://m.media-amazon.com/images/I/81DzzAePyNL._AC_CR0%2C0%2C0%2C0_SX352_SY330_.jpg,Makita 便携式电源PDC1200 带充电器和肩挂带 A-71825,A-71825,電池類,,電池背包,,-,-,3.7,2,208930
,https://www.amazon.co.jp/dp/B07BDRHMKR,https://m.media-amazon.com/images/I/61sxYWbWjrL._AC_CR0%2C0%2C0%2C0_SX352_SY330_.jpg,Makita 牧田 电池 A-61715 2Ah 18V,A-61715,電池類,,電池,,18V,2Ah,,,11473
,https://www.amazon.co.jp/dp/B07TKWQV4V,https://m.media-amazon.com/images/I/81mYqXzQh4L._AC_SX679_.jpg,Makita 便携式电源单元 A-69098,A-69098,電池類,,電池背包,,-,-,,,55878
,https://www.amazon.co.jp/dp/B08XZ3RQW2,https://m.media-amazon.com/images/I/81DzzAePyNL._AC_SX679_.jpg,Makita 便携式电源PDC1200 带充电器和肩挂带 A-71825,A-71825,電池類,,電池背包,,-,-,,,208930
,https://www.amazon.co.jp/dp/B07CPFPT2P,https://m.media-amazon.com/images/I/71--3Sj-U3L._AC_CR0%2C0%2C0%2C0_SX352_SY330_.jpg,牧田 充电式风扇扇叶直径18厘米(18/14.4V) 附带AC适配器/电池充电器另售 CF102DZ,CF102DZ,電器類,,電扇,,14.4V,-,4.3,1881,7683
,https://www.amazon.co.jp/dp/B072MCDXKH,https://m.media-amazon.com/images/I/71m9ApHrQkL._AC_CR0%2C0%2C0%2C0_SX352_SY330_.jpg,牧田 充电式风扇扇叶直径18厘米(10.8V) 附带AC适配器/电池充电器另售 CF100DZ,CF100DZ,電器類,,電扇,,10.8V,-,4.1,438,7110
,https://www.amazon.co.jp/dp/B07QYT318J,https://m.media-amazon.com/images/I/81LEIDMAn6L._AC_CR0%2C0%2C0%2C0_SX352_SY330_.jpg,牧田 充电式风扇扇叶直径23.5cm白色(18/14.4V) 附带AC适配器/电池充电器另售 CF203DZW,CF203DZW,電器類,,電扇,,14.4V,-,4.4,343,9244
,https://www.amazon.co.jp/dp/B07D16XLK2,https://m.media-amazon.com/images/I/81DYvf1AnsL._AC_CR0%2C0%2C0%2C0_SX352_SY330_.jpg,牧田 充电式风扇扇叶直径18厘米(10.8V) 附带AC适配器/电池充电器另售 CF101DZ,CF101DZ,電器類,,電扇,,10.8V,-,4.3,280,7007
,https://www.amazon.co.jp/dp/B081VK4TGQ,https://m.media-amazon.com/images/I/81hFp6qvqML._AC_CR0%2C0%2C0%2C0_SX352_SY330_.jpg,牧田 充电式电视TV100 电池充电器另售,None,電器類,,電視,,-,-,3.4,56,57207
,https://www.amazon.co.jp/dp/B09697FLYN,https://m.media-amazon.com/images/I/71Rn6cfGDgL._AC_CR0%2C0%2C0%2C0_SX352_SY330_.jpg,Makita 充电式风扇(橄榄绿) 40Vmax 仅主机/电池・充电器另售 CF001GZO,CF001GZO,電器類,,電扇,,40V,-,4.2,52,11492
,https://www.amazon.co.jp/dp/B0969584DV,https://m.media-amazon.com/images/I/61pkyMHHQoL._AC_CR0%2C0%2C0%2C0_SX352_SY330_.jpg,Makita 充电式产业扇(蓝色) 40Vmax 仅主机/电池・充电器另售 CF002GZ,CF002GZ,電器類,,電扇,,40V,-,4.4,47,12210
,https://www.amazon.co.jp/dp/B07QZXWZ8L,https://m.media-amazon.com/images/I/814DEOw7Q1L._AC_CR0%2C0%2C0%2C0_SX352_SY330_.jpg,牧田 充电式风扇扇叶直径23.5cm蓝色(10.8V) 附带AC适配器/电池充电器另售 CF202DZ,CF202DZ,電器類,,電扇,,10.8V,-,3.2,21,10647
,https://www.amazon.co.jp/dp/B06XWWTTWP,https://m.media-amazon.com/images/I/71CSwZCfF8L._AC_CR0%2C0%2C0%2C0_SX352_SY330_.jpg,Makita 牧田 充电式全螺丝切割器 18V 6Ah 附带2节电池、充电器、收纳盒 SC102DRGX,SC102DRGX,截斷類,手持式,Thread rod cutter,鋼筋、螺栓,18V,6Ah,4.1,147,81000
,https://www.amazon.co.jp/dp/B07XZDYXBB,https://m.media-amazon.com/images/I/71nRR8gqwVL._AC_CR0%2C0%2C0%2C0_SX352_SY330_.jpg,Makita 充电式全螺丝切割器 SC103DSMX,SC103DSMX,截斷類,手持式,Thread rod cutter,鋼筋、螺栓,-,-,4,39,50088
,https://www.amazon.co.jp/dp/B07YB5G59G,https://m.media-amazon.com/images/I/81zjMDEhe8L._AC_CR0%2C0%2C0%2C0_SX352_SY330_.jpg,Makita 充电式压接机 TC300DRG,TC300DRG,截斷類,手持式,Crimping tool,電線,-,-,4.2,25,258000
,https://www.amazon.co.jp/dp/B07GY52TLH,https://m.media-amazon.com/images/I/61sRKWwBnTL._AC_CR0%2C0%2C0%2C0_SX352_SY330_.jpg,Makita 牧田 钢筋切割机 SC163DRG,SC163DRG,截斷類,手持式,Thread rod cutter,鋼筋、螺栓,-,-,4.6,15,179800
,https://www.amazon.co.jp/dp/B07GY5B5Y5,https://m.media-amazon.com/images/I/61UPfXOxxrL._AC_CR0%2C0%2C0%2C0_SX352_SY330_.jpg,Makita 牧田 钢筋切割机 SC192DRG,SC192DRG,截斷類,手持式,Thread rod cutter,鋼筋、螺栓,-,-,4.6,15,268797
,https://www.amazon.co.jp/dp/B01M15J9L1,https://m.media-amazon.com/images/I/710Q5GwIDGL._AC_CR0%2C0%2C0%2C0_SX352_SY330_.jpg,Makita 充电式Pancha(便携式油压式) 附带电池・充电器 PP200DRG,PP200DRG,截斷類,手持式,Hydraulic puncher,鋼板,-,-,4.5,14,259924
,https://www.amazon.co.jp/dp/B07BTFJM59,https://m.media-amazon.com/images/I/71qo0IBdfzL._AC_CR0%2C0%2C0%2C0_SX352_SY330_.jpg,Makita 充电式全螺丝切割器 液压式 18V 6Ah 附带电池、充电器、收纳盒 SC121DRG,SC121DRG,截斷類,手持式,Thread rod cutter,鋼筋、螺栓,18V,6Ah,3.8,7,199692
,https://www.amazon.co.jp/dp/B07G2CNF2S,https://m.media-amazon.com/images/I/615JVdcsa3L._AC_CR0%2C0%2C0%2C0_SX352_SY330_.jpg,Makita 充电式锯片切割机 SC251DRG 主体:深19厘米 主体:高19厘米 主体:宽52厘米,SC251DRG,截斷類,手持式,Thread rod cutter,鋼筋、螺栓,-,-,3.6,6,147800
,https://www.amazon.co.jp/dp/B0085ZSAAE,https://m.media-amazon.com/images/I/712SOJNNVKL._AC_CR0%2C0%2C0%2C0_SX352_SY330_.jpg,Makita 牧田 充電式 LED 工作灯（仅包括主体 / 电池和充电器另售） 14.4V/18V 电池另售 ML801,ML801,燈類,,燈,,14.4V,-,4.5,1302,4736
,https://www.amazon.co.jp/dp/B01MYB57R7,https://m.media-amazon.com/images/I/61PgLsmNm1L._AC_CR0%2C0%2C0%2C0_SX352_SY330_.jpg,Makita 充电式LED工作灯 ML104(仅主体),ML104,燈類,,燈,,-,-,4.4,1176,7787
,https://www.amazon.co.jp/dp/B01LRX4N9C,https://m.media-amazon.com/images/I/61p35Sr+RSL._AC_CR0%2C0%2C0%2C0_SX352_SY330_.jpg,Makita 充电式工作灯 ML806Y,ML806Y,燈類,,燈,,-,-,4.4,1176,9147
,https://www.amazon.co.jp/dp/B01LRX4N7O,https://m.media-amazon.com/images/I/61N-9TJIfmL._AC_CR0%2C0%2C0%2C0_SX352_SY330_.jpg,Makita 牧田 充电式 工作灯 ML807,ML807,燈類,,燈,,-,-,4.4,1176,11343
,https://www.amazon.co.jp/dp/B01L930FUQ,https://m.media-amazon.com/images/I/61SgYiR4S3L._AC_CR0%2C0%2C0%2C0_SX352_SY330_.jpg,Makita 充电式笔式电钻 7.2V 1.5Ah 附带2节电池・充电器、铝盒 DF012DSHX,DF012DSHX,燈類,手持式,燈,,7.2V,1.5Ah,4.4,883,18769
,https://www.amazon.co.jp/dp/B01E9W5BIA,https://m.media-amazon.com/images/I/71FGgRFnOqL._AC_CR0%2C0%2C0%2C0_SX352_SY330_.jpg,Makita 牧田 充电式LED工作灯 ML103 仅主体/电池/充电器另售 蓝色、黑色,ML103,燈類,,燈,,-,-,4.3,560,2887
,https://www.amazon.co.jp/dp/B00J2O9NWG,https://m.media-amazon.com/images/I/81RwfHBMHVL._AC_CR0%2C0%2C0%2C0_SX352_SY330_.jpg,Makita 牧田 充电式 LED 落地灯 仅主体 14.4V/18V ML805,ML805,燈類,,燈,,14.4V,-,4.2,489,13309
,https://www.amazon.co.jp/dp/B082M7V7XD,https://m.media-amazon.com/images/I/81s9HLjkuoL._AC_CR0%2C0%2C0%2C0_SX352_SY330_.jpg,Makita 牧田 立式灯 14.4V/18V电池・AC100V两用ML809 电池另售,ML809,燈類,,燈,,14.4V,-,4.2,489,40352
,https://www.amazon.co.jp/dp/B07X23DRHB,https://m.media-amazon.com/images/I/81XjpemIzYL._AC_CR0%2C0%2C0%2C0_SX352_SY330_.jpg,Makita 牧田 立式灯 14.4V/18V电池・AC100V两用ML811 电池另售,ML811,燈類,,燈,,14.4V,-,4.2,489,26331
,https://www.amazon.co.jp/dp/B008DBJLWG,https://m.media-amazon.com/images/I/713QkX+yGcL._AC_CR0%2C0%2C0%2C0_SX352_SY330_.jpg,Makita 充电式手电筒(手电筒) 7.2V插入式电池用ML704 电池另售,ML704,燈類,,燈,,7.2V,-,4.3,310,2621
,https://www.amazon.co.jp/dp/B09FJQ7CWC,https://m.media-amazon.com/images/I/81JsI6HFleL._AC_CR0%2C0%2C0%2C0_SX352_SY330_.jpg,Makita 充电式台灯 40Vmax 仅主机/电池/充电器另售 ML003G 蓝色,ML003G,燈類,,燈,,40V,-,4.6,301,18393
,https://www.amazon.co.jp/dp/B06XXNMFKG,https://m.media-amazon.com/images/I/51R+2pAh6uL._AC_CR0%2C0%2C0%2C0_SX352_SY330_.jpg,Makita 牧田 手电筒 10.8V 电池・充电器另售 ML105 蓝色,ML105,燈類,,燈,,10.8V,-,4.4,239,5167
,https://www.amazon.co.jp/dp/B07K7PZNLC,https://m.media-amazon.com/images/I/71O8ER-8wQL._AC_CR0%2C0%2C0%2C0_SX352_SY330_.jpg,Makita 充电式集尘机(干湿两用)带电池、充电器 VC750DRG,VC750DRG,燈類,,燈,,-,-,4.3,207,49765
,https://www.amazon.co.jp/dp/B00U5OYNL8,https://m.media-amazon.com/images/I/61eyNqZM51L._AC_CR0%2C0%2C0%2C0_SX352_SY330_.jpg,Makita 充电式LED闪光灯 仅主体 10.8V ML100,ML100,燈類,,燈,,10.8V,-,4.2,178,2972
,https://www.amazon.co.jp/dp/B01KUSOBQA,https://m.media-amazon.com/images/I/61Ja-M3ikNL._AC_CR0%2C0%2C0%2C0_SX352_SY330_.jpg,Makita 牧田 牧田 对应10.8V电池 手电筒 ML106,ML106,燈類,,燈,,10.8V,-,4.2,178,5145
,https://www.amazon.co.jp/dp/B00IWJXVXE,https://m.media-amazon.com/images/I/61pyI7Cr8sL._AC_CR0%2C0%2C0%2C0_SX352_SY330_.jpg,Makita 牧田 充电式LED灯 7.2V/10.8V插口式电池用ML102 电池另售,ML102,燈類,,燈,,7.2V,-,3.8,110,4394
,https://www.amazon.co.jp/dp/B085GC4G84,https://m.media-amazon.com/images/I/81gZ6HFZI7L._AC_CR0%2C0%2C0%2C0_SX352_SY330_.jpg,充电式工作灯 14.4V/18V 电池・充电器另售 ML812,ML812,燈類,,燈,,14.4V,-,4.4,103,19004
,https://www.amazon.co.jp/dp/B01KWYPKV2,https://m.media-amazon.com/images/I/41ogiAhB8lS._AC_CR0%2C0%2C0%2C0_SX352_SY330_.jpg,Makita 牧田 牧田 14.4V/18V电池对应 手电筒 ML808,ML808,燈類,,燈,,14.4V,-,4,93,5356
,https://www.amazon.co.jp/dp/B001U3OI0O,https://m.media-amazon.com/images/I/51E55yqCrBL._AC_CR0%2C0%2C0%2C0_SX352_SY330_.jpg,Makita ML101 10.8V LED 锂离子充电电筒（裸机）,None,燈類,,燈,,10.8V,-,3.7,73,4066
,https://www.amazon.co.jp/dp/B09RDW2142,https://m.media-amazon.com/images/I/416b88FDd8L._AC_CR0%2C0%2C0%2C0_SX352_SY330_.jpg,Makita 40Vmax 充电式工作灯 电池/充电器另售 ML006G 蓝色,ML006G,燈類,,燈,,40V,-,4.4,42,7091
,https://www.amazon.co.jp/dp/B09HT5KQ59,https://m.media-amazon.com/images/I/61qyJMBzs4L._AC_CR0%2C0%2C0%2C0_SX352_SY330_.jpg,Makita 充电式工作灯(橄榄绿)40Vmax 电池・充电器另售 ML002GO,ML002GO,燈類,,燈,,40V,-,4.2,36,11480
,https://www.amazon.co.jp/dp/B00OZD3V3Q,https://m.media-amazon.com/images/I/81ggWngUhrL._AC_CR0%2C0%2C0%2C0_SX352_SY330_.jpg,牧田 充电式LED工作灯 14.4V/18V电池用ML803 电池另售,ML803,燈類,,燈,,14.4V,-,3.6,29,5793
,https://www.amazon.co.jp/dp/B00OZD3YII,https://m.media-amazon.com/images/I/71dPqjeCPuL._AC_CR0%2C0%2C0%2C0_SX352_SY330_.jpg,牧田 充电式前灯 14.4V/18V电池用ML800 电池另售,ML800,燈類,,燈,,14.4V,-,3.4,22,5155
,https://www.amazon.co.jp/dp/B09FJMVJMV,https://m.media-amazon.com/images/I/51SSMUYNPkL._AC_CR0%2C0%2C0%2C0_SX352_SY330_.jpg,Makita 充电式塔灯 仅主机/电池/充电器另售 ML814 蓝色,ML814,燈類,,燈,,-,-,4.3,10,38779
,https://www.amazon.co.jp/dp/B08DFBQX1J,https://m.media-amazon.com/images/I/71AfxtKEYxL._AC_CR0%2C0%2C0%2C0_SX352_SY330_.jpg,Makita 充电式区域灯 18V 14.4V AC100V 电池/充电器另售 ML810 蓝色,ML810,燈類,,燈,,18V,-,3.8,7,36546
,https://www.amazon.co.jp/dp/B09FJL7JF1,https://m.media-amazon.com/images/I/51vm7wpbu7L._AC_CR0%2C0%2C0%2C0_SX352_SY330_.jpg,Makita 充电式塔灯 仅主体/电池/充电器另售 ML813 蓝色,ML813,燈類,,燈,,-,-,,,34822
,https://www.amazon.co.jp/dp/B002MZY68I,https://m.media-amazon.com/images/I/611+cDJmrNL._AC_CR0%2C0%2C0%2C0_SX352_SY330_.jpg,Makita 充电式冲击钻,None,鑽孔類,手持式,電鑽,通用,-,-,4.5,1743,16893
,https://www.amazon.co.jp/dp/B017AQXGRK,https://m.media-amazon.com/images/I/81kDBTMOnRL._AC_CR0%2C0%2C0%2C0_SX352_SY330_.jpg,Makita 牧田 带灯 冲击钻TD110(10.8V)蓝色 扭矩110Nm 1.5Ah电池・充电器 TD110DSHX,TD110DSHX,鑽孔類,手持式,Drill,通用,10.8V,1.5Ah,4.4,1231,21000
,https://www.amazon.co.jp/dp/B08W4SXXNL,https://m.media-amazon.com/images/I/51v-PYjojeL._AC_CR0%2C0%2C0%2C0_SX352_SY330_.jpg,Makita Makita 冲击起子 TD172(18V)蓝色 扭矩180Nm 6.0Ah电池2个・带充电器 TD172DRGX,TD172DRGX,鑽孔類,手持式,Drill,通用,18V,6.0Ah,4.6,1197,75248
,https://www.amazon.co.jp/dp/B01LREX6U8,https://m.media-amazon.com/images/I/71koVRhvBAL._AC_CR0%2C0%2C0%2C0_SX352_SY330_.jpg,Makita 牧田 冲击钻 TD111(10.8V)蓝色 扭矩135Nm 4Ah电池2个・带充电器 TD111DSMX,TD111DSMX,鑽孔類,手持式,Drill,通用,10.8V,4Ah,4.5,953,28193
,https://www.amazon.co.jp/dp/B07N12PFGQ,https://m.media-amazon.com/images/I/812GJ0A765L._AC_CR0%2C0%2C0%2C0_SX352_SY330_.jpg,Makita 充电式钻头 DF333DSHX,DF333DSHX,鑽孔類,手持式,電鑽,通用,-,-,4.4,784,20920
,https://www.amazon.co.jp/dp/B07N184N89,https://m.media-amazon.com/images/I/81SuOedOnYL._AC_CR0%2C0%2C0%2C0_SX352_SY330_.jpg,Makita 充电式钻头 DF033DSHX,DF033DSHX,鑽孔類,手持式,Drill,通用,-,-,4.4,758,18274
,https://www.amazon.co.jp/dp/B0156FJABI,https://m.media-amazon.com/images/I/71xr-AHcaVL._AC_CR0%2C0%2C0%2C0_SX352_SY330_.jpg,Makita TD138DRFX 充电式冲击钻 14.4V 3.0Ah,TD138DRFX,鑽孔類,手持式,Drill,通用,14.4V,3.0Ah,4.2,663,41900
,https://www.amazon.co.jp/dp/B07ZGFK3H2,https://m.media-amazon.com/images/I/717esdOJi9L._AC_CR0%2C0%2C0%2C0_SX352_SY330_.jpg,Makita Makita 冲击钻 40VmaxTD001蓝色 扭矩220Nm 2.5Ah电池2个・带充电器 TD001GRDX,TD001GRDX,鑽孔類,手持式,Drill,通用,40V,2.5Ah,4.4,578,72601
,https://www.amazon.co.jp/dp/B01G124GEQ,https://m.media-amazon.com/images/I/61Lo+ZM7bQL._AC_CR0%2C0%2C0%2C0_SX352_SY330_.jpg,MAKITA 牧田 充电式 4种模式 冲击钻,None,鑽孔類,手持式,電鑽,通用,-,-,4.2,541,64300
,https://www.amazon.co.jp/dp/B01G124GG4,https://m.media-amazon.com/images/I/6105ML1qtNL._AC_CR0%2C0%2C0%2C0_SX352_SY330_.jpg,Makita 牧田 4种模式・冲击起子 TP131(14.4V)蓝色 扭矩145Nm 6Ah电池2个・带充电器 TP131DRGX,TP131DRGX,鑽孔類,手持式,Drill,通用,14.4V,6Ah,4.2,541,61800
,https://www.amazon.co.jp/dp/B07SFX699F,https://m.media-amazon.com/images/I/818uSIRXBdL._AC_CR0%2C0%2C0%2C0_SX352_SY330_.jpg,Makita 充电式震动钻 HP333DSHX 深19.3×高21.2×宽6.6cm,HP333DSHX,鑽孔類,手持式,電鑽,通用,-,-,4.4,519,22875
,https://www.amazon.co.jp/dp/B01N9V916P,https://m.media-amazon.com/images/I/71Sz-OCeJAL._AC_CR0%2C0%2C0%2C0_SX352_SY330_.jpg,Makita DF484DRGX 充电式钻孔机 蓝色 18V 6.0Ah,DF484DRGX,鑽孔類,手持式,電鑽,通用,18V,6.0Ah,4.3,460,59400
,https://www.amazon.co.jp/dp/B01HCHJIFG,https://m.media-amazon.com/images/I/61+FreY9l7L._AC_CR0%2C0%2C0%2C0_SX352_SY330_.jpg,Makita 牧田 充电式锤钻 18V 24mm/可钻 SDS+ 附带电池・充电器 HR244DRGX,HR244DRGX,鑽孔類,手持式,Power Scraper,通用,18V,-,4.2,380,72841
,https://www.amazon.co.jp/dp/B01HCHJX06,https://m.media-amazon.com/images/I/71g31OXcBVL._AC_CR0%2C0%2C0%2C0_SX352_SY330_.jpg,Makita 牧田 充电式锤钻 18V 24mm/可钻头 SDS+ 附带集尘系统、电池充电器 HR244DRGXV,HR244DRGXV,鑽孔類,手持式,Power Scraper,通用,18V,-,4.2,380,89596
,https://www.amazon.co.jp/dp/B01N6UH6HT,https://m.media-amazon.com/images/I/71OrcNj8ijL._AC_CR0%2C0%2C0%2C0_SX352_SY330_.jpg,マキタ hp484dgx 充电式震动钻蓝18 V 6.0 Ah,hp484dgx,鑽孔類,手持式,電鑽,通用,-,-,4.3,362,62172
,https://www.amazon.co.jp/dp/B002DTCYKA,https://m.media-amazon.com/images/I/710P6QkFRVL._AC_CR0%2C0%2C0%2C0_SX352_SY330_.jpg,マキタ 充电式 ドライバドリル 10.8 V 1.3 Ah 电池带2个 DF330DWX,DF330DWX,鑽孔類,手持式,電鑽,通用,-,-,4.4,360,17345
,https://www.amazon.co.jp/dp/B0873D1WL4,https://m.media-amazon.com/images/I/81I2FEEamsL._AC_CR0%2C0%2C0%2C0_SX352_SY330_.jpg,Makita 充电式冲击扳手 18V6Ah 附带2节电池、充电器、收纳盒 TW300DRGX,TW300DRGX,鑽孔類,手持式,Drill,通用,18V,6Ah,4.5,335,59980
,https://www.amazon.co.jp/dp/B00RZ5LWFA,https://m.media-amazon.com/images/I/61nO0fad6JL._AC_CR0%2C0%2C0%2C0_SX352_SY330_.jpg,Makita TD134DSHX 充电式冲击钻 1.5Ah,TD134DSHX,鑽孔類,手持式,Drill,通用,-,1.5Ah,4.3,299,35800
,https://www.amazon.co.jp/dp/B09F9CGRS9,https://m.media-amazon.com/images/I/71QVnWoLkwL._AC_CR0%2C0%2C0%2C0_SX352_SY330_.jpg,Makita 充电式冲击钻 18V6Ah 附带2节电池、充电器、收纳盒 TD157DRGX,TD157DRGX,鑽孔類,手持式,Drill,通用,18V,6Ah,4.3,299,53109
,https://www.amazon.co.jp/dp/B07SFX38D3,https://m.media-amazon.com/images/I/71l-Y6lE-AL._AC_CR0%2C0%2C0%2C0_SX352_SY330_.jpg,Makita 牧田 充电式锤钻 18V 18mm/可钻 SDS+ 附带电池・充电器 HR182DRGX,HR182DRGX,鑽孔類,手持式,Power Scraper,通用,18V,-,4.2,297,66060
,https://www.amazon.co.jp/dp/B07SHYDN2Z,https://m.media-amazon.com/images/I/716geDcsGQL._AC_CR0%2C0%2C0%2C0_SX352_SY330_.jpg,Makita 牧田 充电式电锤钻 18V 18mm/可钻头 SDS+ 附带集尘系统、电池充电器 HR182DRGXV,HR182DRGXV,鑽孔類,手持式,Power Scraper,通用,18V,-,4.2,297,80329
,https://www.amazon.co.jp/dp/B087CBL5G2,https://m.media-amazon.com/images/I/81sAGJBmGHL._AC_CR0%2C0%2C0%2C0_SX352_SY330_.jpg,Makita 充电式冲击扳手 10.8V4Ah 附带2节电池、充电器、收纳盒 TW161DSMX,TW161DSMX,鑽孔類,手持式,Drill,通用,10.8V,4Ah,4.4,290,36667
,https://www.amazon.co.jp/dp/B08CKNTHN1,https://m.media-amazon.com/images/I/814OutzW0cL._AC_CR0%2C0%2C0%2C0_SX352_SY330_.jpg,Makita 充电式冲击扳手 18V6Ah 附带2节电池、充电器、收纳盒 TW700DRGX,TW700DRGX,鑽孔類,手持式,Drill,通用,18V,6Ah,4.4,290,75034
,https://www.amazon.co.jp/dp/B017AQXYOK,https://m.media-amazon.com/images/I/61sJkOXzASL._AC_CR0%2C0%2C0%2C0_SX352_SY330_.jpg,Makita 充电式震动钻 (附带电池、充电器、收纳盒) HP332DSMX,HP332DSMX,鑽孔類,手持式,電鑽,通用,-,-,4.4,241,32832
,https://www.amazon.co.jp/dp/B08R78FQGH,https://m.media-amazon.com/images/I/8129f0rQGvL._AC_CR0%2C0%2C0%2C0_SX352_SY330_.jpg,Makita (Makita) 40Vmax 充电式冲击扳手 2.5Ah 附带2节电池、充电器、收纳盒 TW001GRDX,TW001GRDX,鑽孔類,手持式,Drill,通用,40V,2.5Ah,4.6,187,85180
,https://www.amazon.co.jp/dp/B08R7B2K9K,https://m.media-amazon.com/images/I/81uRjh+FvAL._AC_CR0%2C0%2C0%2C0_SX352_SY330_.jpg,Makita (Makita) 40Vmax 充电式冲击扳手 2.5Ah 附带2节电池、充电器、收纳盒 TW004GRDX,TW004GRDX,鑽孔類,手持式,Drill,通用,40V,2.5Ah,4.6,187,62324
,https://www.amazon.co.jp/dp/B01G124GCI,https://m.media-amazon.com/images/I/81KyZ0+yEoL._AC_CR0%2C0%2C0%2C0_SX352_SY330_.jpg,Makita 牧田 柔软冲击钻 TS131(14.4V)蓝色 扭矩40Nm 6Ah电池2个・带充电器 TS131DRGX,TS131DRGX,鑽孔類,手持式,Drill,通用,14.4V,6Ah,3.9,171,61710
,https://www.amazon.co.jp/dp/B01G124GC8,https://m.media-amazon.com/images/I/710lXOqF35L._AC_CR0%2C0%2C0%2C0_SX352_SY330_.jpg,Makita 牧田 柔软冲击钻TS141(18V)蓝色 扭矩40Nm 6Ah电池2个・带充电器 TS141DRGX,TS141DRGX,鑽孔類,手持式,Drill,通用,18V,6Ah,3.9,171,58000
,https://www.amazon.co.jp/dp/B00B4P9BVY,https://m.media-amazon.com/images/I/91WVf50DqGL._AC_CR0%2C0%2C0%2C0_SX352_SY330_.jpg,Makita 充电式震动电钻 10.8V 1.3Ah 附带2个电池 HP330DWX,HP330DWX,鑽孔類,手持式,電鑽,通用,10.8V,1.3Ah,4.2,161,18284
,https://www.amazon.co.jp/dp/B01G3BGMV0,https://m.media-amazon.com/images/I/61O7gROp2KL._AC_CR0%2C0%2C0%2C0_SX352_SY330_.jpg,Makita 充电式冲击扳手 18V6Ah 附带2节电池、充电器、收纳盒 TW1001DRGX,TW1001DRGX,鑽孔類,手持式,Drill,通用,18V,6Ah,4.4,130,63400
,https://www.amazon.co.jp/dp/B07B56BGLL,https://m.media-amazon.com/images/I/51JvtvIrAHL._AC_CR0%2C0%2C0%2C0_SX352_SY330_.jpg,Makita 充电式角钻 10.8V 1.5Ah 附带电池・充电器・收纳盒 DA332DSH,DA332DSH,鑽孔類,手持式,Angle Drill,通用,10.8V,1.5Ah,4.4,129,22200
,https://www.amazon.co.jp/dp/B083KLN851,https://m.media-amazon.com/images/I/71J0M6TOZnL._AC_CR0%2C0%2C0%2C0_SX352_SY330_.jpg,Makita 充电式振动钻 HP001GRDX,HP001GRDX,鑽孔類,手持式,電鑽,通用,-,-,4.5,129,71767
,https://www.amazon.co.jp/dp/B01N4QXTH0,https://m.media-amazon.com/images/I/61MWdWsmz8L._AC_CR0%2C0%2C0%2C0_SX352_SY330_.jpg,Makita 牧田 充电式锤钻 10.8V 16mm SDS+ 附带电池・充电器 HR166DSMX,HR166DSMX,鑽孔類,手持式,Power Scraper,通用,10.8V,-,4.3,125,34732
,https://www.amazon.co.jp/dp/B017AQXQCA,https://m.media-amazon.com/images/I/61M+UaO77oL._AC_CR0%2C0%2C0%2C0_SX352_SY330_.jpg,Makita 充电式电钻 10.8V/4.0Ah DF332DSMX,DF332DSMX,鑽孔類,手持式,電鑽,通用,10.8V,4.0Ah,4.5,112,31830
,https://www.amazon.co.jp/dp/B00T5IKGU2,https://m.media-amazon.com/images/I/81zzBazTnUL._AC_CR0%2C0%2C0%2C0_SX352_SY330_.jpg,Makita DF370DSH 充电螺丝刀 1.5Ah,DF370DSH,鑽孔類,手持式,電鑽,通用,-,1.5Ah,4.2,108,24900
,https://www.amazon.co.jp/dp/B0837533FZ,https://m.media-amazon.com/images/I/71VgNpTCQZL._AC_CR0%2C0%2C0%2C0_SX352_SY330_.jpg,Makita 牧田 充电式锤钻40VMax 28mm/可钻 SDS+ 附带电池充电器 HR001GRDX,HR001GRDX,鑽孔類,手持式,Power Scraper,通用,40V,-,4.4,102,73980
,https://www.amazon.co.jp/dp/B083759FYS,https://m.media-amazon.com/images/I/71OeGmdrgrL._AC_CR0%2C0%2C0%2C0_SX352_SY330_.jpg,Makita 牧田 充电式电锤钻40VMax 28mm/可钻头 SDS+ 集尘系统・附带电池充电器 HR001GRDXV,HR001GRDXV,鑽孔類,手持式,Power Scraper,通用,40V,-,4.4,102,87980
,https://www.amazon.co.jp/dp/B01N5SUDOU,https://m.media-amazon.com/images/I/71BNlO3ZS9L._AC_CR0%2C0%2C0%2C0_SX352_SY330_.jpg,Makita DF474DRGX 充电式钻孔机 蓝色 14.4V 6.0Ah,DF474DRGX,鑽孔類,手持式,電鑽,通用,14.4V,6.0Ah,4.1,89,95480
,https://www.amazon.co.jp/dp/B01MSAYUF9,https://m.media-amazon.com/images/I/71nlTazEd1L._AC_CR0%2C0%2C0%2C0_SX352_SY330_.jpg,マキタ hp474drgx 充电式震动钻蓝14.4 V 6.0 Ah,hp474drgx,鑽孔類,手持式,電鑽,通用,-,-,4.2,87,63000
,https://www.amazon.co.jp/dp/B075653YF7,https://m.media-amazon.com/images/I/61LoFXAUq8L._AC_CR0%2C0%2C0%2C0_SX352_SY330_.jpg,Makita 牧田 充电式锤钻,None,鑽孔類,手持式,Power Scraper,通用,-,-,4.2,86,76754
,https://www.amazon.co.jp/dp/B09VS7QF62,https://m.media-amazon.com/images/I/21b4ekpyszL._AC_CR0%2C0%2C0%2C0_SX352_SY330_.jpg,Makita 牧田 Led 灯 充电式冲击钻 (蓝色) 40Vmax2.5Ah 附带2个电池・充电器・收纳盒 TD002GRDX,TD002GRDX,鑽孔類,手持式,Drill,通用,40V,2.5Ah,4.4,75,58000
,https://www.amazon.co.jp/dp/B01KO3I2R0,https://m.media-amazon.com/images/I/61MaBaJ2AIL._AC_CR0%2C0%2C0%2C0_SX352_SY330_.jpg,Makita 冲击扳手TW284DRGX(14.4V) 扭矩255Nm 搭载防止螺母掉落模式 附带2节6Ah电池・充电器 TW284DRGX,TW284DRGX,鑽孔類,手持式,Drill,通用,14.4V,6Ah,4.3,70,66800
,https://www.amazon.co.jp/dp/B07SFGP6GN,https://m.media-amazon.com/images/I/814AVsqJwZL._AC_CR0%2C0%2C0%2C0_SX352_SY330_.jpg,Makita 冲击扳手TW181DRFX(18V) 扭矩180Nm 搭载防止螺母掉落模式 3Ah电池2个・附带充电器、收纳盒,TW181DRFX,鑽孔類,手持式,Drill,通用,18V,3Ah,3.6,45,61400
,https://www.amazon.co.jp/dp/B00T5IKGRK,https://m.media-amazon.com/images/I/91EkljJCPEL._AC_CR0%2C0%2C0%2C0_SX352_SY330_.jpg,Makita DF471DSHX 充电式钻头 1.5Ah 14.4V,DF471DSHX,鑽孔類,手持式,電鑽,通用,14.4V,1.5Ah,4.1,38,30074
,https://www.amazon.co.jp/dp/B01JIT8956,https://m.media-amazon.com/images/I/61-W9IXrJZL._AC_CR0%2C0%2C0%2C0_SX352_SY330_.jpg,Makita 充电式冲击钻 18V1.5Ah 附带2节电池、充电器、收纳盒 TD146DSHX,TD146DSHX,鑽孔類,手持式,Drill,通用,18V,1.5Ah,4.2,36,43000
,https://www.amazon.co.jp/dp/B01JS7QWIO,https://m.media-amazon.com/images/I/51Wq7S1npJL._AC_CR0%2C0%2C0%2C0_SX352_SY330_.jpg,Makita 牧田 充电式锤钻 10.8V 14mm SDS+ 附带电池・充电器 HR140DSHX,HR140DSHX,鑽孔類,手持式,Power Scraper,通用,10.8V,-,4,35,27545
,https://www.amazon.co.jp/dp/B081VJHYCV,https://m.media-amazon.com/images/I/61kmaRczq9L._AC_CR0%2C0%2C0%2C0_SX352_SY330_.jpg,Makita 牧田 充电式凯伦 HK180DRGX,HK180DRGX,鑽孔類,手持式,Power Scraper,通用,-,-,4.6,34,91802
,https://www.amazon.co.jp/dp/B09FJMTNZ2,https://m.media-amazon.com/images/I/81mjs1gWZ7L._AC_CR0%2C0%2C0%2C0_SX352_SY330_.jpg,Makita 充电式冲击扳手 40Vmax2.5Ah 附带2节电池、充电器、收纳盒 TW007GRDX,TW007GRDX,鑽孔類,手持式,Drill,通用,40V,2.5Ah,4.4,32,79765
,https://www.amazon.co.jp/dp/B09F9BLTWB,https://m.media-amazon.com/images/I/71L3uSW3qHL._AC_CR0%2C0%2C0%2C0_SX352_SY330_.jpg,Makita 充电式振动钻 18V6Ah 附带2节电池、充电器、收纳盒 HP487DRGX 蓝色,HP487DRGX,鑽孔類,手持式,電鑽,通用,18V,6Ah,4.4,25,57900
,https://www.amazon.co.jp/dp/B00AY6UDTS,https://m.media-amazon.com/images/I/71fyUzovlqL._AC_CR0%2C0%2C0%2C0_SX352_SY330_.jpg,Makita 充电式角度冲击钻 14.4V 3.0Ah 主体附属电池搭载1个型号 TL060DRF,TL060DRF,鑽孔類,手持式,Angle Drill,通用,14.4V,3.0Ah,4.1,24,44000
,https://www.amazon.co.jp/dp/B09F9D1M9M,https://m.media-amazon.com/images/I/81JZRkCbFML._AC_CR0%2C0%2C0%2C0_SX352_SY330_.jpg,Makita 充电式电钻 18V6Ah 附带2节电池、充电器、收纳盒 DF487DRGX 蓝色,DF487DRGX,鑽孔類,手持式,電鑽,通用,18V,6Ah,4.6,23,59500
,https://www.amazon.co.jp/dp/B08W4SB3BM,https://m.media-amazon.com/images/I/711PIvAeB-L._AC_CR0%2C0%2C0%2C0_SX352_SY330_.jpg,Makita 充电式冲击钻(蓝色)14.4V6Ah 附带2个电池・充电器、收纳盒 TD162DRGX,TD162DRGX,鑽孔類,手持式,Drill,通用,14.4V,6Ah,4.6,23,69977
,https://www.amazon.co.jp/dp/B07G2SFZQ9,https://m.media-amazon.com/images/I/619bePXSlPL._AC_CR0%2C0%2C0%2C0_SX352_SY330_.jpg,Makita 充电式电锤钻18+18V 28mm/可钻 SDS+ 附带电池・充电器 HR282DPG2,HR282DPG2,鑽孔類,手持式,Power Scraper,通用,18V,-,4.3,21,102029
,https://www.amazon.co.jp/dp/B0716FC12N,https://m.media-amazon.com/images/I/71DDFPNKEbL._AC_CR0%2C0%2C0%2C0_SX352_SY330_.jpg,Makita 充电式电锤钻18+18V 28mm/可钻 SDS+ 附带集尘系统、电池充电器 HR282DPG2V,HR282DPG2V,鑽孔類,手持式,Power Scraper,通用,18V,-,4.3,21,99630
,https://www.amazon.co.jp/dp/B083KLH57R,https://m.media-amazon.com/images/I/81CC2B99o0L._AC_CR0%2C0%2C0%2C0_SX352_SY330_.jpg,Makita 充电式钻头 DF001GRDX,DF001GRDX,鑽孔類,手持式,Drill,通用,-,-,3.6,19,80108
,https://www.amazon.co.jp/dp/B01LREX3UG,https://m.media-amazon.com/images/I/7127YK6P9uL._AC_CR0%2C0%2C0%2C0_SX352_SY330_.jpg,マキタ 充电式震动 ドライバドリル 电池、充电器带 hp473drfx,hp473drfx,鑽孔類,手持式,電鑽,通用,-,-,3.8,19,54993
,https://www.amazon.co.jp/dp/B07SDF1TTK,https://m.media-amazon.com/images/I/71LgZKpKZ0L._AC_CR0%2C0%2C0%2C0_SX352_SY330_.jpg,Makita 牧田 充电式锤钻 14.4V 18mm/可钻 SDS+ 附带电池・充电器 HR181DRGX,HR181DRGX,鑽孔類,手持式,Power Scraper,通用,14.4V,-,3.6,18,73996
,https://www.amazon.co.jp/dp/B07SHYDM5B,https://m.media-amazon.com/images/I/71Nj-gOacuL._AC_CR0%2C0%2C0%2C0_SX352_SY330_.jpg,Makita 牧田 充电式电锤钻 14.4V 18mm/可悬挂 SDS+ 附带集尘系统、电池充电器 HR181DRGXV,HR181DRGXV,鑽孔類,手持式,Power Scraper,通用,14.4V,-,3.6,18,78000
,https://www.amazon.co.jp/dp/B07SFX3HBF,https://m.media-amazon.com/images/I/71dSEW9hd8L._AC_CR0%2C0%2C0%2C0_SX352_SY330_.jpg,Makita 牧田 充电式电锤钻18+18V 40mm/可钻 SDS-Max AFT 有电池・充电器 HR400DPG2N,HR400DPG2N,鑽孔類,手持式,Power Scraper,通用,18V,-,4.2,13,126772
,https://www.amazon.co.jp/dp/B01HCHJIC4,https://m.media-amazon.com/images/I/61+vhdYEeaL._AC_CR0%2C0%2C0%2C0_SX352_SY330_.jpg,Makita 充电式钻头 DF458DRGX,DF458DRGX,鑽孔類,手持式,電鑽,通用,-,-,4,11,56113
,https://www.amazon.co.jp/dp/B09F9BVKYW,https://m.media-amazon.com/images/I/71vRlkvdF2L._AC_CR0%2C0%2C0%2C0_SX352_SY330_.jpg,Makita 充电式电钻 18V6Ah 附带2节电池、充电器、收纳盒 DF486DRGX 蓝色,DF486DRGX,鑽孔類,手持式,電鑽,通用,18V,6Ah,4.1,11,67916
,https://www.amazon.co.jp/dp/B01LREWZFA,https://m.media-amazon.com/images/I/71HL-bDlwWL._AC_CR0%2C0%2C0%2C0_SX352_SY330_.jpg,Makita 牧田 充电式螺丝刀 附电池充电器 FS453DRG,None,鑽孔類,手持式,電鑽,通用,-,-,3.6,10,51095
,https://www.amazon.co.jp/dp/B09F5XGR4S,https://m.media-amazon.com/images/I/61PnINC6KwL._AC_CR0%2C0%2C0%2C0_SX352_SY330_.jpg,Makita 充电式锤子 40Vmax4Ah 附带2节电池、充电器、收纳盒 HM001GRMX,HM001GRMX,鑽孔類,手持式,Power Scraper,通用,40V,4Ah,4.2,8,112803
,https://www.amazon.co.jp/dp/B076MRQV6W,https://m.media-amazon.com/images/I/31ilsxUvQhL._AC_CR0%2C0%2C0%2C0_SX352_SY330_.jpg,Makita 充电式角度冲击钻 10.8V 1.5Ah 附带电池・充电器・收纳盒 TL064DSH,TL064DSH,鑽孔類,手持式,Angle Drill,通用,10.8V,1.5Ah,4.7,7,27646
,https://www.amazon.co.jp/dp/B01HCHJWQ6,https://m.media-amazon.com/images/I/61g4jJojSwL._AC_CR0%2C0%2C0%2C0_SX352_SY330_.jpg,マキタ 充电式震动 ドライバドリル hp458drgx,hp458drgx,鑽孔類,手持式,電鑽,通用,-,-,4.6,6,63340
,https://www.amazon.co.jp/dp/B09F9FJV9X,https://m.media-amazon.com/images/I/71ZlOSsGN2L._AC_CR0%2C0%2C0%2C0_SX352_SY330_.jpg,Makita 充电式振动钻 18V6Ah 附带2节电池、充电器、收纳盒 HP486DRGX 蓝色,HP486DRGX,鑽孔類,手持式,電鑽,通用,18V,6Ah,4.1,6,76000
,https://www.amazon.co.jp/dp/B08XTL231V,https://m.media-amazon.com/images/I/71J3Y6L9RqL._AC_CR0%2C0%2C0%2C0_SX352_SY330_.jpg,Makita (Makita) 40mm 充电式电锤 40Vmax4Ah 附带2节电池・充电器、收纳盒 HR005GRMX 蓝色,HR005GRMX,鑽孔類,手持式,Power Scraper,通用,40V,4Ah,4.8,6,106700
,https://www.amazon.co.jp/dp/B09F9GF99F,https://m.media-amazon.com/images/I/61slcf2nZ-L._AC_CR0%2C0%2C0%2C0_SX352_SY330_.jpg,Makita 牧田(Makita) 52mm充电式电锤 80Vmax 电池・充电器另售 带收纳盒 HR006GZK 蓝色,HR006GZK,鑽孔類,手持式,Power Scraper,通用,80V,-,4.7,5,111102
,https://www.amazon.co.jp/dp/B09F9C4ZJD,https://m.media-amazon.com/images/I/71ZNCf7vDwL._AC_CR0%2C0%2C0%2C0_SX352_SY330_.jpg,Makita 牧田(Makita) 13mm充电式角钻 18V6Ah 附带2节电池・充电器・收纳盒 DA450DRGX 蓝色,DA450DRGX,鑽孔類,手持式,Angle Drill,通用,18V,6Ah,5,2,74600
,https://www.amazon.co.jp/dp/B00DH5X958,https://m.media-amazon.com/images/I/719wAo+uykL._AC_CR0%2C0%2C0%2C0_SX352_SY330_.jpg,マキタ 充电式 スクリュードライバ 14.4 V 3.0 Ah fs440drf,fs440drf,鑽孔類,手持式,電鑽,通用,-,-,4.6,2,49800
,https://www.amazon.co.jp/dp/B07G2SGMXQ,https://m.media-amazon.com/images/I/613pjkRuKpL._AC_CR0%2C0%2C0%2C0_SX352_SY330_.jpg,Makita 充电式角钻 DA460DPG2 主体: 深20.3cm 主体: 高49.2cm 主体: 宽66cm,DA460DPG2,鑽孔類,手持式,Angle Drill,通用,-,-,5,1,100032
,https://www.amazon.co.jp/dp/B09F9DYJ98,https://m.media-amazon.com/images/I/81HamviRVGL._AC_CR0%2C0%2C0%2C0_SX352_SY330_.jpg,Makita 牧田 充电式自动加油螺丝刀 18V6Ah 附带2个电池、充电器、收纳盒 FR451DRGX,FR451DRGX,鑽孔類,手持式,電鑽,通用,18V,6Ah,1,1,74280
,https://www.amazon.co.jp/dp/B07T8FS6ND,https://m.media-amazon.com/images/I/51EvTAkl68L._AC_CR0%2C0%2C0%2C0_SX352_SY330_.jpg,Makita 牧田 充电式螺丝刀 18V6Ah 附带电池、充电器、收纳盒 FS455DRG,FS455DRG,鑽孔類,手持式,電鑽,通用,18V,6Ah,5,1,54336
,https://www.amazon.co.jp/dp/B07W3L193Q,https://m.media-amazon.com/images/I/71lXWE6KPLL._AC_CR0%2C0%2C0%2C0_SX352_SY330_.jpg,Makita 牧田 充电式螺丝刀 18V6Ah 附带电池、充电器、收纳盒 FS600DRG,FS600DRG,鑽孔類,手持式,電鑽,通用,18V,6Ah,5,1,54336
,https://www.amazon.co.jp/dp/B09F9C49WV,https://m.media-amazon.com/images/I/71Vj0ENR8TL._AC_CR0%2C0%2C0%2C0_SX352_SY330_.jpg,Makita 牧田(Makita) 13mm充电式角钻 40Vmax2.5Ah 附带2个电池・充电器・收纳盒 DA001GRDX 蓝色,DA001GRDX,鑽孔類,手持式,Angle Drill,通用,40V,2.5Ah,,,78776
,https://www.amazon.co.jp/dp/B002DT0UEC,https://m.media-amazon.com/images/I/41j2Km1vmKL._AC_CR0%2C0%2C0%2C0_SX352_SY330_.jpg,Makita 充电式角钻 14.4V 3.0Ah DA340DRF,None,鑽孔類,手持式,Angle Drill,通用,14.4V,3.0Ah,,,50800
,https://www.amazon.co.jp/dp/B09F5PGWN7,https://m.media-amazon.com/images/I/71h3dOnliML._AC_CR0%2C0%2C0%2C0_SX352_SY330_.jpg,Makita 充电式锤子 80Vmax 电池・充电器另售 带收纳盒 HM002GZK,HM002GZK,鑽孔類,手持式,Power Scraper,通用,80V,-,,,102140
,https://www.amazon.co.jp/dp/B09YCWY2GW,https://m.media-amazon.com/images/I/61r92XH-OqL._AC_CR0%2C0%2C0%2C0_SX352_SY330_.jpg,Makita 充电式电锤钻 40Vmax4.0Ah 附带2节电池、充电器、收纳盒 刀头另售 HR007GRMX 蓝色,HR007GRMX,鑽孔類,手持式,Power Scraper,通用,40V,4.0Ah,,,93800